Date,Open,High,Low,Close,Adj Close,Volume
2013-01-02,27.25,27.73,27.15,27.62,23.67,52899300
2013-01-03,27.63,27.65,27.16,27.25,23.35,48294400
2013-01-04,27.27,27.34,26.73,26.74,22.92,52521100
2013-01-07,26.77,26.88,26.64,26.69,22.87,37110400
2013-01-08,26.75,26.79,26.46,26.55,22.75,44703100
2013-01-09,26.72,26.75,26.56,26.7,22.88,49047900
2013-01-10,26.65,26.98,26.29,26.46,22.68,71431300
2013-01-11,26.49,26.93,26.28,26.83,22.99,55512100
2013-01-14,26.9,27.08,26.76,26.89,23.05,48324400
2013-01-15,26.83,27.29,26.83,27.21,23.32,48244500
2013-01-16,27.15,27.23,27.01,27.04,23.17,41077400
2013-01-17,27.19,27.47,27.06,27.25,23.35,51685900
2013-01-18,27.1,27.29,27.04,27.25,23.35,52167700
2013-01-22,27.3,27.45,27.0,27.15,23.27,58650600
2013-01-23,27.2,27.64,27.2,27.61,23.66,50387700
2013-01-24,27.7,28.07,27.47,27.63,23.68,101739300
2013-01-25,27.58,28.23,27.39,27.88,23.89,81847700
2013-01-28,28.01,28.23,27.76,27.91,23.92,56056500
2013-01-29,27.82,28.13,27.6,28.01,24.01,49242600
2013-01-30,28.01,28.19,27.76,27.85,23.87,43580500
2013-01-31,27.79,27.97,27.4,27.45,23.53,50530000
2013-02-01,27.67,28.05,27.55,27.93,23.94,55565900
2013-02-04,27.87,28.02,27.42,27.44,23.52,50540000
2013-02-05,27.62,27.66,27.36,27.5,23.57,35410400
2013-02-06,27.38,27.54,27.25,27.34,23.43,41889600
2013-02-07,27.35,27.39,27.1,27.28,23.38,38028300
2013-02-08,27.35,27.71,27.31,27.55,23.61,33318500
2013-02-11,27.65,27.92,27.5,27.86,23.88,32247700
2013-02-12,27.88,28.0,27.75,27.88,23.89,35990900
2013-02-13,27.93,28.11,27.88,28.03,24.02,41715600
2013-02-14,27.92,28.06,27.87,28.04,24.03,32663200
2013-02-15,28.04,28.16,27.88,28.01,24.01,49650900
2013-02-19,27.88,28.09,27.8,28.05,24.24,38781400
2013-02-20,28.13,28.2,27.83,27.87,24.08,44110200
2013-02-21,27.74,27.74,27.23,27.49,23.76,49078500
2013-02-22,27.68,27.76,27.48,27.76,23.99,31425900
2013-02-25,27.97,28.05,27.37,27.37,23.65,48011800
2013-02-26,27.38,27.6,27.34,27.37,23.65,49923300
2013-02-27,27.42,28.0,27.33,27.81,24.03,36394700
2013-02-28,27.88,27.97,27.74,27.8,24.02,35840200
2013-03-01,27.72,27.98,27.52,27.95,24.15,34849700
2013-03-04,27.85,28.15,27.7,28.15,24.33,38157500
2013-03-05,28.29,28.54,28.16,28.35,24.5,41432200
2013-03-06,28.21,28.23,27.78,28.09,24.27,51448500
2013-03-07,28.11,28.28,28.01,28.14,24.32,29196700
2013-03-08,28.25,28.33,27.96,28.0,24.2,37667800
2013-03-11,27.94,27.97,27.67,27.87,24.08,36627500
2013-03-12,27.84,27.95,27.64,27.91,24.12,39255200
2013-03-13,27.87,28.02,27.75,27.92,24.13,29093400
2013-03-14,28.0,28.16,27.93,28.14,24.32,55914800
2013-03-15,28.03,28.16,27.98,28.04,24.23,92710300
2013-03-18,27.88,28.28,27.81,28.1,24.28,44809400
2013-03-19,28.12,28.22,28.03,28.18,24.35,51901600
2013-03-20,28.34,28.49,28.18,28.32,24.47,35447800
2013-03-21,28.11,28.36,28.05,28.11,24.29,34233200
2013-03-22,28.19,28.34,28.1,28.25,24.41,28720900
2013-03-25,28.3,28.35,27.96,28.16,24.33,44154000
2013-03-26,28.24,28.34,28.11,28.16,24.33,27824300
2013-03-27,28.14,28.45,28.08,28.37,24.52,36047400
2013-03-28,28.32,28.66,28.26,28.61,24.72,55453800
2013-04-01,28.64,28.66,28.36,28.61,24.72,29201100
2013-04-02,28.59,28.85,28.52,28.8,24.89,28456500
2013-04-03,28.75,28.95,28.54,28.56,24.68,35062800
2013-04-04,28.39,28.61,28.27,28.6,24.71,45263200
2013-04-05,28.22,28.78,28.11,28.7,24.8,50927300
2013-04-08,28.73,28.73,28.47,28.59,24.71,34759500
2013-04-09,28.73,29.82,28.68,29.61,25.59,77733800
2013-04-10,29.57,30.32,29.52,30.28,26.17,71116700
2013-04-11,29.1,29.2,28.73,28.94,25.01,130923200
2013-04-12,28.85,29.02,28.66,28.79,24.88,62886300
2013-04-15,28.65,28.98,28.51,28.69,24.79,56332900
2013-04-16,28.9,29.14,28.7,28.97,25.03,52797300
2013-04-17,28.85,29.04,28.6,28.83,24.91,52840700
2013-04-18,28.95,28.98,28.5,28.79,24.88,56906600
2013-04-19,29.62,30.24,29.61,29.77,25.73,99790700
2013-04-22,30.3,31.18,30.27,30.83,26.64,137904000
2013-04-23,30.7,30.9,30.38,30.6,26.44,59126900
2013-04-24,30.62,31.92,30.6,31.76,27.45,90946600
2013-04-25,31.71,32.84,31.54,31.94,27.6,110700200
2013-04-26,31.9,31.98,31.45,31.79,27.47,47799300
2013-04-29,31.8,32.68,31.77,32.61,28.18,59116400
2013-04-30,32.56,33.11,32.28,33.1,28.6,75165200
2013-05-01,32.93,33.08,32.6,32.72,28.27,54330900
2013-05-02,32.63,33.17,32.39,33.16,28.65,46059500
2013-05-03,33.23,33.52,33.08,33.49,28.94,46784600
2013-05-06,33.42,33.91,33.25,33.75,29.16,40978300
2013-05-07,33.65,33.79,33.24,33.31,28.78,43078300
2013-05-08,33.07,33.24,32.65,32.99,28.51,51595700
2013-05-09,32.85,33.0,32.59,32.66,28.22,46417800
2013-05-10,32.67,32.72,32.32,32.69,28.25,36394900
2013-05-13,32.61,33.07,32.55,33.03,28.54,36027600
2013-05-14,32.86,33.53,32.8,33.53,29.18,56870100
2013-05-15,33.45,33.9,33.43,33.85,29.46,46303900
2013-05-16,33.64,34.15,33.55,34.08,29.66,59382900
2013-05-17,34.13,34.87,34.1,34.87,30.34,60666700
2013-05-20,34.73,35.1,34.68,35.08,30.53,54020800
2013-05-21,35.1,35.27,34.72,34.85,30.33,48702400
2013-05-22,34.79,34.84,34.36,34.61,30.12,66047500
2013-05-23,34.23,34.55,33.9,34.15,29.72,51102700
2013-05-24,33.92,34.28,33.9,34.27,29.82,33174400
2013-05-28,34.42,35.18,34.41,35.02,30.47,48212100
2013-05-29,34.74,35.02,34.57,34.88,30.35,38412200
2013-05-30,34.85,35.25,34.81,35.03,30.48,51131000
2013-05-31,34.82,35.28,34.79,34.9,30.37,56165700
2013-06-03,34.92,35.63,34.83,35.59,30.97,51252600
2013-06-04,35.62,35.74,34.77,34.99,30.45,65529500
2013-06-05,34.6,34.89,34.43,34.78,30.27,46025100
2013-06-06,34.84,35.11,34.49,34.96,30.42,37618500
2013-06-07,35.25,35.78,35.06,35.67,31.04,40757300
2013-06-10,35.51,35.65,35.14,35.47,30.87,35994500
2013-06-11,35.05,35.18,34.68,34.84,30.32,39435900
2013-06-12,35.14,35.27,34.85,35.0,30.46,37372700
2013-06-13,34.99,35.02,34.59,34.72,30.21,45654900
2013-06-14,34.55,34.69,34.25,34.4,29.93,53192600
2013-06-17,34.69,35.16,34.63,35.0,30.46,49670100
2013-06-18,34.97,35.17,34.9,34.98,30.44,28616500
2013-06-19,34.96,35.09,34.59,34.59,30.1,30816200
2013-06-20,34.26,34.33,33.37,33.49,29.14,54493700
2013-06-21,33.66,33.73,33.05,33.27,28.95,85338500
2013-06-24,32.94,34.2,32.57,33.72,29.34,56109000
2013-06-25,34.08,34.38,33.46,33.67,29.3,44073400
2013-06-26,34.12,34.48,33.89,34.35,29.89,48665900
2013-06-27,34.52,34.78,34.5,34.62,30.13,28993100
2013-06-28,34.38,34.79,34.34,34.54,30.06,65545500
2013-07-01,34.75,34.99,34.33,34.36,29.9,31055400
2013-07-02,34.41,34.44,33.63,33.94,29.53,37630000
2013-07-03,33.66,34.37,33.6,34.01,29.6,15994400
2013-07-05,34.09,34.24,33.58,34.21,29.77,26085900
2013-07-08,34.35,34.59,33.98,34.33,29.87,32396900
2013-07-09,34.58,34.6,34.14,34.35,29.89,25318500
2013-07-10,34.34,34.81,34.32,34.7,30.2,29658800
2013-07-11,35.0,35.77,34.9,35.69,31.06,53638300
2013-07-12,35.58,35.73,35.28,35.67,31.04,35501200
2013-07-15,35.66,36.22,35.58,36.17,31.48,34142600
2013-07-16,36.01,36.43,35.96,36.27,31.56,36378500
2013-07-17,36.34,36.39,35.49,35.74,31.1,37285100
2013-07-18,35.72,35.89,35.22,35.44,30.84,49547100
2013-07-19,32.4,32.67,31.02,31.4,27.32,248428500
2013-07-22,31.7,32.01,31.6,32.01,27.86,79040700
2013-07-23,31.91,32.04,31.71,31.82,27.69,65810400
2013-07-24,32.04,32.19,31.89,31.96,27.81,52803100
2013-07-25,31.62,31.65,31.25,31.39,27.32,63213000
2013-07-26,31.26,31.62,31.21,31.62,27.52,38633600
2013-07-29,31.47,31.6,31.4,31.54,27.45,28870700
2013-07-30,31.78,32.12,31.55,31.85,27.72,45799500
2013-07-31,31.97,32.05,31.71,31.84,27.71,43898400
2013-08-01,32.06,32.09,31.6,31.67,27.56,42557900
2013-08-02,31.69,31.9,31.57,31.89,27.75,29199900
2013-08-05,31.9,32.0,31.64,31.7,27.59,30984000
2013-08-06,31.55,31.67,31.38,31.58,27.48,36331500
2013-08-07,31.54,32.1,31.25,32.06,27.9,38078600
2013-08-08,32.24,33.07,32.05,32.89,28.62,59034400
2013-08-09,32.77,32.9,32.47,32.7,28.46,26800700
2013-08-12,32.46,32.97,32.46,32.87,28.6,25493700
2013-08-13,32.51,32.55,32.21,32.23,28.24,39464100
2013-08-14,32.14,33.36,31.7,32.35,28.35,48519600
2013-08-15,32.0,32.18,30.84,31.79,27.86,33338000
2013-08-16,31.79,31.99,31.66,31.8,27.87,32866300
2013-08-19,31.76,31.97,31.38,31.39,27.51,27902500
2013-08-20,31.44,31.9,31.37,31.62,27.71,22979600
2013-08-21,31.61,32.01,31.54,31.61,27.7,37409100
2013-08-22,32.19,32.49,32.1,32.39,28.38,31169900
2013-08-23,35.17,35.2,34.0,34.75,30.45,225493800
2013-08-26,34.4,34.67,34.03,34.15,29.93,72786800
2013-08-27,33.52,34.1,33.15,33.26,29.15,58522300
2013-08-28,33.39,33.6,33.0,33.02,28.94,44257400
2013-08-29,32.93,33.6,32.8,33.55,29.4,45284700
2013-08-30,33.37,33.48,33.09,33.4,29.27,42790200
2013-09-03,31.75,32.07,31.29,31.88,27.94,154507000
2013-09-04,31.39,31.47,31.11,31.2,27.34,142320600
2013-09-05,31.1,31.44,30.95,31.23,27.37,71644900
2013-09-06,31.31,31.39,31.13,31.15,27.3,75434900
2013-09-09,31.22,31.79,31.2,31.66,27.74,49628500
2013-09-10,31.9,32.4,31.79,32.39,28.38,56881200
2013-09-11,32.57,32.93,32.53,32.74,28.69,39087500
2013-09-12,32.72,32.78,32.59,32.69,28.65,32860200
2013-09-13,32.77,33.07,32.51,33.03,28.95,40899000
2013-09-16,33.38,33.5,32.73,32.8,28.74,52839700
2013-09-17,33.42,33.47,32.9,32.93,28.86,84716500
2013-09-18,32.99,33.4,32.83,33.32,29.2,64099900
2013-09-19,33.48,33.68,33.32,33.64,29.48,42026600
2013-09-20,33.41,33.48,32.69,32.79,28.74,102904900
2013-09-23,32.54,32.97,32.5,32.74,28.69,39826100
2013-09-24,32.87,32.87,32.15,32.45,28.44,40685000
2013-09-25,32.49,32.8,32.4,32.51,28.49,28907500
2013-09-26,32.64,33.0,32.59,32.77,28.72,28504000
2013-09-27,32.88,33.75,32.87,33.27,29.16,55348000
2013-09-30,33.0,33.31,32.7,33.28,29.16,39839500
2013-10-01,33.35,33.61,33.3,33.58,29.43,36718700
2013-10-02,33.36,34.03,33.29,33.92,29.73,46946800
2013-10-03,33.88,34.0,33.42,33.86,29.67,38703800
2013-10-04,33.69,33.99,33.62,33.88,29.69,33008100
2013-10-07,33.6,33.71,33.2,33.3,29.18,35069300
2013-10-08,33.31,33.33,32.8,33.01,28.93,41017600
2013-10-09,33.07,33.35,32.96,33.07,28.98,35878600
2013-10-10,33.31,33.89,33.26,33.76,29.59,42875100
2013-10-11,33.68,34.14,33.68,34.13,29.91,30033300
2013-10-14,33.9,34.5,33.78,34.45,30.19,27757900
2013-10-15,34.67,34.99,34.47,34.49,30.22,47097800
2013-10-16,34.6,34.9,34.56,34.64,30.36,35111600
2013-10-17,34.45,34.99,34.37,34.92,30.6,31359200
2013-10-18,34.82,34.99,34.33,34.96,30.64,41811700
2013-10-21,34.98,35.2,34.91,34.99,30.66,27433500
2013-10-22,35.02,35.1,34.52,34.58,30.3,40438500
2013-10-23,34.35,34.49,33.67,33.76,29.59,58600500
2013-10-24,33.82,34.1,33.57,33.72,29.55,53209700
2013-10-25,35.88,36.29,35.47,35.73,31.31,113494000
2013-10-28,35.61,35.73,35.27,35.57,31.17,38383600
2013-10-29,35.63,35.72,35.26,35.52,31.13,31702200
2013-10-30,35.53,35.79,35.43,35.54,31.14,36997700
2013-10-31,35.66,35.69,35.34,35.41,31.03,41682300
2013-11-01,35.67,35.69,35.39,35.53,31.14,40264600
2013-11-04,35.59,35.98,35.55,35.94,31.5,28060700
2013-11-05,35.79,36.71,35.77,36.64,32.11,51681900
2013-11-06,37.24,38.22,37.06,38.18,33.46,88948800
2013-11-07,37.96,38.01,37.43,37.5,32.86,60437400
2013-11-08,37.67,37.78,37.34,37.78,33.11,36737800
2013-11-11,37.69,37.78,37.35,37.59,32.94,26872500
2013-11-12,37.38,37.6,37.2,37.36,32.74,31651600
2013-11-13,36.98,38.16,36.9,38.16,33.44,44957600
2013-11-14,37.87,38.13,37.72,38.02,33.32,46183700
2013-11-15,37.95,38.02,37.72,37.84,33.16,50601300
2013-11-18,37.35,37.58,37.07,37.2,32.6,53277500
2013-11-19,36.85,37.23,36.67,36.74,32.44,44275000
2013-11-20,36.92,37.41,36.86,37.08,32.74,32229900
2013-11-21,37.27,37.53,37.26,37.4,33.02,23064700
2013-11-22,37.53,37.68,37.33,37.57,33.17,27982000
2013-11-25,37.93,37.95,37.57,37.64,33.24,30646800
2013-11-26,37.57,37.65,37.35,37.35,32.98,34465300
2013-11-27,37.57,37.76,37.49,37.6,33.2,26002100
2013-11-29,37.82,38.29,37.82,38.13,33.67,22090400
2013-12-02,38.09,38.78,38.06,38.45,33.95,42950400
2013-12-03,38.14,38.49,38.08,38.31,33.83,52109800
2013-12-04,38.21,38.98,38.12,38.94,34.38,51983600
2013-12-05,38.85,38.88,37.18,38.0,33.55,116305000
2013-12-06,38.42,38.55,37.99,38.36,33.87,36457300
2013-12-09,38.56,38.87,38.37,38.71,34.18,30286000
2013-12-10,38.61,38.9,38.02,38.11,33.65,37828600
2013-12-11,38.06,38.3,37.39,37.61,33.21,39853400
2013-12-12,37.64,37.64,37.18,37.22,32.86,36012800
2013-12-13,37.42,37.45,36.62,36.69,32.4,40066100
2013-12-16,36.73,37.0,36.54,36.89,32.57,31734200
2013-12-17,36.94,37.11,36.33,36.52,32.25,45687700
2013-12-18,36.36,36.6,35.53,36.58,32.3,63192100
2013-12-19,36.51,36.55,36.08,36.25,32.01,34160100
2013-12-20,36.2,36.93,36.19,36.8,32.49,62649100
2013-12-23,36.81,36.89,36.55,36.62,32.33,25128700
2013-12-24,36.72,37.17,36.64,37.08,32.74,14243000
2013-12-26,37.2,37.49,37.17,37.44,33.06,17612800
2013-12-27,37.58,37.62,37.17,37.29,32.93,14563000
2013-12-30,37.22,37.38,36.9,37.29,32.93,16290500
2013-12-31,37.4,37.58,37.22,37.41,33.03,17503500
2014-01-02,37.35,37.4,37.1,37.16,32.81,30632200
2014-01-03,37.2,37.22,36.6,36.91,32.59,31134800
2014-01-06,36.85,36.89,36.11,36.13,31.9,43603700
2014-01-07,36.33,36.49,36.21,36.41,32.15,35802800
2014-01-08,36.0,36.14,35.58,35.76,31.58,59971700
2014-01-09,35.88,35.91,35.4,35.53,31.37,36516300
2014-01-10,35.9,36.15,35.75,36.04,31.82,40548800
2014-01-13,35.99,36.02,34.83,34.98,30.89,45901900
2014-01-14,34.73,35.88,34.63,35.78,31.59,41623300
2014-01-15,35.9,36.79,35.85,36.76,32.46,44812600
2014-01-16,36.69,37.0,36.31,36.89,32.57,38018700
2014-01-17,36.83,36.83,36.15,36.38,32.12,46267500
2014-01-21,36.82,36.82,36.06,36.17,31.94,31567300
2014-01-22,36.26,36.32,35.75,35.93,31.73,21904300
2014-01-23,36.09,36.13,35.52,36.06,31.84,43954000
2014-01-24,37.45,37.55,36.53,36.81,32.5,76395500
2014-01-27,36.87,36.89,35.98,36.03,31.81,44420800
2014-01-28,36.12,36.39,35.75,36.27,32.03,36205500
2014-01-29,35.98,36.88,35.9,36.66,32.37,52745900
2014-01-30,36.79,36.88,36.23,36.86,32.55,35036300
2014-01-31,36.95,37.89,36.56,37.84,33.41,93162300
2014-02-03,37.74,37.99,36.43,36.48,32.21,64063100
2014-02-04,36.97,37.19,36.25,36.35,32.1,54697900
2014-02-05,36.29,36.47,35.8,35.82,31.63,55814400
2014-02-06,35.8,36.25,35.69,36.18,31.95,35351800
2014-02-07,36.32,36.59,36.01,36.56,32.28,33260500
2014-02-10,36.63,36.8,36.29,36.8,32.49,26767000
2014-02-11,36.88,37.26,36.86,37.17,32.82,32141400
2014-02-12,37.35,37.6,37.3,37.47,33.09,27051800
2014-02-13,37.33,37.86,37.33,37.61,33.21,37635500
2014-02-14,37.39,37.78,37.33,37.62,33.22,31407500
2014-02-18,37.63,37.78,37.41,37.42,33.29,32834000
2014-02-19,37.22,37.75,37.21,37.51,33.37,29750400
2014-02-20,37.57,37.87,37.4,37.75,33.58,27526100
2014-02-21,37.94,38.35,37.86,37.98,33.79,38021300
2014-02-24,37.69,37.98,37.54,37.69,33.53,32085100
2014-02-25,37.61,37.85,37.35,37.54,33.4,30736500
2014-02-26,37.58,37.74,37.19,37.47,33.33,41041800
2014-02-27,37.45,37.89,37.23,37.86,33.68,33903400
2014-02-28,37.98,38.46,37.82,38.31,34.08,41215000
2014-03-03,37.92,38.13,37.49,37.78,33.61,29717500
2014-03-04,38.2,38.48,38.07,38.41,34.17,26802400
2014-03-05,38.25,38.27,37.93,38.11,33.9,20520100
2014-03-06,38.14,38.24,37.89,38.15,33.94,23582200
2014-03-07,38.28,38.36,37.69,37.9,33.72,26591600
2014-03-10,37.99,38.01,37.72,37.82,33.64,19006600
2014-03-11,37.87,38.23,37.72,38.02,33.82,25216400
2014-03-12,37.8,38.43,37.79,38.27,34.05,30494100
2014-03-13,38.42,38.45,37.64,37.89,33.71,32169700
2014-03-14,37.65,38.14,37.51,37.7,33.54,27195600
2014-03-17,37.9,38.41,37.79,38.05,33.85,20479600
2014-03-18,38.26,39.9,38.22,39.55,35.18,64063900
2014-03-19,39.47,39.55,38.91,39.27,34.93,35597200
2014-03-20,39.25,40.65,39.24,40.33,35.88,59269800
2014-03-21,40.72,40.94,40.01,40.16,35.73,80721800
2014-03-24,40.34,40.64,39.86,40.5,36.03,46098400
2014-03-25,40.66,40.99,39.96,40.34,35.89,43193100
2014-03-26,40.48,40.71,39.6,39.79,35.4,41977500
2014-03-27,39.74,39.97,39.34,39.36,35.01,35369200
2014-03-28,39.79,40.64,39.68,40.3,35.85,43472700
2014-03-31,40.43,41.5,40.4,40.99,36.46,46886300
2014-04-01,41.15,41.59,41.07,41.42,36.85,32605000
2014-04-02,41.44,41.66,41.17,41.35,36.79,28666700
2014-04-03,41.29,41.29,40.71,41.01,36.48,30139600
2014-04-04,41.25,41.39,39.64,39.87,35.47,51409600
2014-04-07,39.96,40.27,39.74,39.8,35.41,37559600
2014-04-08,39.75,39.93,39.2,39.82,35.42,35918600
2014-04-09,39.93,40.55,39.88,40.47,36.0,27398700
2014-04-10,40.44,40.69,39.09,39.36,35.01,45960800
2014-04-11,39.0,39.79,39.0,39.21,34.88,34330200
2014-04-14,39.11,39.41,38.9,39.18,34.85,32006600
2014-04-15,39.34,39.96,39.05,39.75,35.36,33968700
2014-04-16,40.06,40.42,39.91,40.4,35.94,30615800
2014-04-17,40.01,40.2,39.51,40.01,35.59,36688400
2014-04-21,40.13,40.15,39.79,39.94,35.53,22221200
2014-04-22,39.96,40.14,39.83,39.99,35.58,27056700
2014-04-23,39.99,39.99,39.47,39.69,35.31,24602800
2014-04-24,39.74,39.97,39.3,39.86,35.46,42381600
2014-04-25,40.29,40.68,39.75,39.91,35.5,56876800
2014-04-28,40.14,41.29,40.09,40.87,36.36,50610200
2014-04-29,41.1,41.19,40.39,40.51,36.04,29636200
2014-04-30,40.4,40.5,40.17,40.4,35.94,35458700
2014-05-01,40.24,40.36,39.95,40.0,35.58,28787400
2014-05-02,40.31,40.34,39.66,39.69,35.31,43416600
2014-05-05,39.52,39.64,39.3,39.43,35.08,22460900
2014-05-06,39.29,39.35,38.95,39.06,34.75,27112400
2014-05-07,39.22,39.51,38.51,39.42,35.07,41744500
2014-05-08,39.34,39.9,38.97,39.64,35.26,32120400
2014-05-09,39.54,39.85,39.37,39.54,35.17,29647600
2014-05-12,39.74,40.02,39.65,39.97,35.56,22782600
2014-05-13,39.92,40.5,39.85,40.42,36.21,27004800
2014-05-14,40.3,40.45,40.05,40.24,36.05,18818700
2014-05-15,40.09,40.4,39.51,39.6,35.48,37793200
2014-05-16,39.67,39.84,39.27,39.83,35.68,29867100
2014-05-19,39.61,39.82,39.46,39.75,35.61,24537400
2014-05-20,39.68,39.94,39.46,39.68,35.55,21320900
2014-05-21,39.8,40.35,39.74,40.35,36.15,22398700
2014-05-22,40.29,40.35,39.85,40.1,35.92,20201800
2014-05-23,40.37,40.37,40.0,40.12,35.94,18020000
2014-05-27,40.26,40.26,39.81,40.19,36.01,26160600
2014-05-28,40.14,40.19,39.82,40.01,35.84,25711500
2014-05-29,40.15,40.35,39.91,40.34,36.14,19888200
2014-05-30,40.45,40.97,40.25,40.94,36.68,34567600
2014-06-02,40.95,41.09,40.68,40.79,36.54,18504300
2014-06-03,40.6,40.68,40.25,40.29,36.09,18068900
2014-06-04,40.21,40.37,39.86,40.32,36.12,23209000
2014-06-05,40.59,41.25,40.4,41.21,36.92,31865200
2014-06-06,41.48,41.66,41.24,41.48,37.16,24060500
2014-06-09,41.39,41.48,41.02,41.27,36.97,15019200
2014-06-10,41.03,41.16,40.86,41.11,36.83,15117700
2014-06-11,40.93,41.07,40.77,40.86,36.61,18040000
2014-06-12,40.81,40.88,40.29,40.58,36.35,29818900
2014-06-13,41.1,41.57,40.86,41.23,36.94,26310000
2014-06-16,41.04,41.61,41.04,41.5,37.18,24205300
2014-06-17,41.29,41.91,40.34,41.68,37.34,22518600
2014-06-18,41.61,41.74,41.18,41.65,37.31,27097000
2014-06-19,41.57,41.77,41.33,41.51,37.19,19828200
2014-06-20,41.45,41.83,41.38,41.68,37.34,47764900
2014-06-23,41.73,42.0,41.69,41.99,37.62,18743900
2014-06-24,41.83,41.94,41.56,41.75,37.4,26509100
2014-06-25,41.7,42.05,41.46,42.03,37.65,20049100
2014-06-26,41.93,41.94,41.43,41.72,37.38,23604400
2014-06-27,41.61,42.29,41.51,42.25,37.85,74640000
2014-06-30,42.17,42.21,41.7,41.7,37.36,30793100
2014-07-01,41.86,42.15,41.69,41.87,37.51,26917000
2014-07-02,41.73,41.9,41.53,41.9,37.54,20208100
2014-07-03,41.91,41.99,41.56,41.8,37.45,15969300
2014-07-07,41.75,42.12,41.71,41.99,37.62,21952400
2014-07-08,41.87,42.0,41.61,41.78,37.43,31218200
2014-07-09,41.98,41.99,41.53,41.67,37.33,18445900
2014-07-10,41.37,42.0,41.05,41.69,37.35,21854700
2014-07-11,41.7,42.09,41.48,42.09,37.71,24083000
2014-07-14,42.22,42.45,42.04,42.14,37.75,21881100
2014-07-15,42.33,42.47,42.03,42.45,38.03,28748700
2014-07-16,42.51,44.31,42.48,44.08,39.49,63318000
2014-07-17,45.45,45.71,44.25,44.53,39.89,82180300
2014-07-18,44.65,44.84,44.25,44.69,40.04,43407500
2014-07-21,44.56,45.16,44.22,44.84,40.17,37604400
2014-07-22,45.0,45.15,44.59,44.83,40.16,43095800
2014-07-23,45.45,45.45,44.62,44.87,40.2,52362900
2014-07-24,44.93,45.0,44.32,44.4,39.78,30725300
2014-07-25,44.3,44.66,44.3,44.5,39.87,26737700
2014-07-28,44.36,44.51,43.93,43.97,39.39,29684200
2014-07-29,43.91,44.09,43.64,43.89,39.32,27763100
2014-07-30,44.07,44.1,43.29,43.58,39.04,31921400
2014-07-31,43.38,43.69,43.08,43.16,38.67,31537500
2014-08-01,43.21,43.25,42.6,42.86,38.4,31170300
2014-08-04,42.97,43.47,42.81,43.37,38.85,34277400
2014-08-05,43.31,43.46,42.83,43.08,38.59,26266400
2014-08-06,42.74,43.17,42.21,42.74,38.29,24634000
2014-08-07,42.84,43.45,42.65,43.23,38.73,30314900
2014-08-08,43.23,43.32,42.91,43.2,38.7,28942700
2014-08-11,43.26,43.45,43.02,43.2,38.7,20351600
2014-08-12,43.04,43.59,43.0,43.52,38.99,21431100
2014-08-13,43.68,44.18,43.52,44.08,39.49,22889500
2014-08-14,44.08,44.42,44.01,44.27,39.66,19313200
2014-08-15,44.58,44.9,44.4,44.79,40.13,41611300
2014-08-18,44.94,45.11,44.68,45.11,40.41,26891100
2014-08-19,44.97,45.34,44.83,45.33,40.86,28139500
2014-08-20,45.34,45.4,44.9,44.95,40.52,24770500
2014-08-21,44.84,45.25,44.83,45.22,40.76,22285500
2014-08-22,45.35,45.47,45.07,45.15,40.7,18294500
2014-08-25,45.4,45.44,45.04,45.17,40.72,16910000
2014-08-26,45.31,45.4,44.94,45.01,40.58,14873100
2014-08-27,44.9,45.0,44.76,44.87,40.45,21287900
2014-08-28,44.75,44.98,44.61,44.88,40.46,17657600
2014-08-29,45.09,45.44,44.86,45.43,40.95,21607600
2014-09-02,45.43,45.46,44.85,45.09,40.65,22976800
2014-09-03,44.53,45.11,44.53,44.96,40.53,33684500
2014-09-04,44.74,45.27,44.72,45.26,40.8,26475500
2014-09-05,45.11,45.93,45.11,45.91,41.39,36939400
2014-09-08,46.02,46.8,45.99,46.47,41.89,45736700
2014-09-09,46.47,46.97,46.42,46.76,42.15,40302400
2014-09-10,46.82,46.94,46.28,46.84,42.22,27302400
2014-09-11,46.74,47.0,46.47,47.0,42.37,29216400
2014-09-12,46.91,47.02,46.6,46.7,42.1,38244700
2014-09-15,46.54,46.71,46.1,46.24,41.68,37667600
2014-09-16,46.39,46.85,46.29,46.76,42.15,27910600
2014-09-17,46.26,46.69,46.23,46.52,41.94,38311900
2014-09-18,46.59,46.83,46.46,46.68,42.08,35556600
2014-09-19,46.81,47.57,46.6,47.52,42.84,202522400
2014-09-22,47.3,47.38,46.98,47.06,42.42,38686100
2014-09-23,46.85,46.98,46.47,46.56,41.97,33430300
2014-09-24,46.63,47.11,46.34,47.08,42.44,26582700
2014-09-25,46.88,47.09,46.03,46.04,41.5,33077400
2014-09-26,45.93,46.62,45.76,46.41,41.84,27078800
2014-09-29,45.98,46.56,45.76,46.44,41.86,26091000
2014-09-30,46.37,46.48,46.01,46.36,41.79,33033100
2014-10-01,46.27,46.53,45.85,45.9,41.38,38088400
2014-10-02,45.83,46.1,45.64,45.76,41.25,25119400
2014-10-03,45.98,46.3,45.61,46.09,41.55,32453200
2014-10-06,46.12,46.3,45.92,46.09,41.55,20604000
2014-10-07,45.86,45.93,45.42,45.53,41.04,25723700
2014-10-08,45.48,46.89,45.34,46.78,42.17,33031000
2014-10-09,46.5,46.8,45.74,45.85,41.33,34422800
2014-10-10,45.6,46.12,43.95,44.03,39.69,51978100
2014-10-13,43.82,44.56,43.49,43.65,39.35,37100200
2014-10-14,43.87,44.38,43.56,43.73,39.42,38115700
2014-10-15,43.0,43.39,42.1,43.22,38.96,60218700
2014-10-16,42.53,43.08,42.22,42.74,38.53,49040400
2014-10-17,43.2,43.94,42.79,43.63,39.33,40683300
2014-10-20,43.06,44.14,42.81,44.08,39.74,34527900
2014-10-21,44.36,44.98,44.19,44.88,40.46,36433800
2014-10-22,45.0,45.07,44.23,44.38,40.01,33570900
2014-10-23,44.62,45.45,44.53,45.02,40.58,45451900
2014-10-24,46.83,46.9,45.18,46.13,41.58,61076700
2014-10-27,45.71,46.1,45.71,45.91,41.39,30371300
2014-10-28,45.86,46.5,45.77,46.49,41.91,29049800
2014-10-29,46.44,46.7,46.34,46.62,42.03,30276100
2014-10-30,46.32,46.32,45.77,46.05,41.51,30073900
2014-10-31,46.94,46.97,46.48,46.95,42.32,35849700
2014-11-03,46.89,47.46,46.73,47.44,42.77,23130400
2014-11-04,47.3,47.73,47.25,47.57,42.88,21530800
2014-11-05,47.8,47.9,47.26,47.86,43.14,22449600
2014-11-06,47.86,48.86,47.79,48.7,43.9,33037800
2014-11-07,48.92,48.92,48.29,48.68,43.88,28000600
2014-11-10,48.65,49.15,48.55,48.89,44.07,36370100
2014-11-11,48.85,48.95,48.65,48.87,44.05,23445200
2014-11-12,48.56,48.92,48.52,48.78,43.97,22722100
2014-11-13,48.81,49.65,48.71,49.61,44.72,26210400
2014-11-14,49.74,50.05,49.39,49.58,44.7,29081700
2014-11-17,49.41,49.71,49.14,49.46,44.59,30318600
2014-11-18,49.13,49.33,48.7,48.74,44.21,23995500
2014-11-19,48.66,48.75,47.93,48.22,43.74,26177500
2014-11-20,48.0,48.7,47.87,48.7,44.18,21510600
2014-11-21,49.02,49.05,47.57,47.98,43.53,42884800
2014-11-24,47.99,48.0,47.39,47.59,43.17,35434200
2014-11-25,47.66,47.97,47.45,47.47,43.06,28008000
2014-11-26,47.49,47.99,47.28,47.75,43.32,27163600
2014-11-28,47.95,48.2,47.61,47.81,43.37,21534400
2014-12-01,47.88,48.78,47.71,48.62,44.11,31191600
2014-12-02,48.84,49.05,48.2,48.46,43.96,25773500
2014-12-03,48.44,48.5,47.81,48.08,43.62,23534800
2014-12-04,48.39,49.06,48.2,48.84,44.31,30320400
2014-12-05,48.82,48.97,48.38,48.42,43.92,27313400
2014-12-08,48.26,48.35,47.45,47.7,43.27,26663100
2014-12-09,47.11,47.92,47.05,47.59,43.17,24330500
2014-12-10,47.58,47.66,46.7,46.9,42.55,30431800
2014-12-11,47.08,47.74,46.68,47.17,42.79,29060400
2014-12-12,46.78,47.73,46.67,46.95,42.59,34248400
2014-12-15,47.2,47.67,46.55,46.67,42.34,29247800
2014-12-16,45.9,46.34,45.13,45.16,40.97,47801400
2014-12-17,45.05,45.95,44.9,45.74,41.49,34970900
2014-12-18,46.58,47.52,46.34,47.52,43.11,40105600
2014-12-19,47.63,48.1,47.17,47.66,43.24,64551200
2014-12-22,47.78,48.12,47.71,47.98,43.53,26566000
2014-12-23,48.37,48.8,48.13,48.45,43.95,23648100
2014-12-24,48.64,48.64,48.08,48.14,43.67,11437800
2014-12-26,48.41,48.41,47.82,47.88,43.43,13197800
2014-12-29,47.7,47.78,47.26,47.45,43.04,14439500
2014-12-30,47.44,47.62,46.84,47.02,42.65,16384700
2014-12-31,46.73,47.44,46.45,46.45,42.14,21552500
2015-01-02,46.66,47.42,46.54,46.76,42.42,27913900
2015-01-05,46.37,46.73,46.25,46.33,42.03,39673900
2015-01-06,46.38,46.75,45.54,45.65,41.41,36447900
2015-01-07,45.98,46.46,45.49,46.23,41.94,29114100
2015-01-08,46.75,47.75,46.72,47.59,43.17,29645200
2015-01-09,47.61,47.82,46.9,47.19,42.81,23942800
2015-01-12,47.42,47.54,46.36,46.6,42.27,23651900
2015-01-13,46.97,47.91,46.06,46.36,42.06,35270600
2015-01-14,45.96,46.24,45.62,45.96,41.69,29719600
2015-01-15,46.22,46.38,45.41,45.48,41.26,32750800
2015-01-16,45.31,46.28,45.17,46.24,41.95,35695300
2015-01-20,46.3,46.65,45.57,46.39,42.08,36041400
2015-01-21,45.94,46.14,45.48,45.92,41.66,39081100
2015-01-22,46.38,47.14,46.08,47.13,42.75,35898000
2015-01-23,47.36,47.39,46.8,47.18,42.8,26047800
2015-01-26,47.0,47.13,46.24,47.01,42.65,42525500
2015-01-27,42.95,43.2,42.11,42.66,38.7,169164000
2015-01-28,42.74,42.79,41.16,41.19,37.37,84507100
2015-01-29,40.93,42.12,40.79,42.01,38.11,63585300
2015-01-30,41.55,41.58,40.35,40.4,36.65,78004900
2015-02-02,40.59,41.37,40.23,41.28,37.45,50352500
2015-02-03,41.63,41.93,41.05,41.6,37.74,51890200
2015-02-04,41.94,42.21,41.36,41.84,37.96,41614800
2015-02-05,42.22,42.64,41.86,42.45,38.51,36548200
2015-02-06,42.68,42.79,42.15,42.41,38.47,34311700
2015-02-09,42.24,42.74,42.21,42.36,38.43,31381100
2015-02-10,42.74,42.77,42.18,42.6,38.64,29670700
2015-02-11,42.65,42.65,42.21,42.38,38.45,38262500
2015-02-12,42.66,43.09,42.51,43.09,39.09,33268800
2015-02-13,43.38,43.87,43.15,43.87,39.8,40264900
2015-02-17,43.97,44.0,43.19,43.58,39.82,33695700
2015-02-18,43.63,43.7,43.39,43.53,39.77,27074900
2015-02-19,43.18,43.53,43.05,43.5,39.74,27603400
2015-02-20,43.51,43.88,43.29,43.86,40.07,29721100
2015-02-23,43.7,44.19,43.65,44.15,40.34,32518800
2015-02-24,44.15,44.3,43.92,44.09,40.28,25253000
2015-02-25,43.95,44.09,43.8,43.99,40.19,29759800
2015-02-26,43.99,44.23,43.89,44.06,40.25,28957300
2015-02-27,44.13,44.2,43.66,43.85,40.06,33807700
2015-03-02,43.67,44.19,43.55,43.88,40.09,31924000
2015-03-03,43.56,43.83,43.09,43.28,39.54,31748600
2015-03-04,43.01,43.21,42.88,43.06,39.34,25705800
2015-03-05,43.07,43.24,42.82,43.11,39.39,23193500
2015-03-06,43.0,43.11,42.15,42.36,38.7,36248800
2015-03-09,42.19,43.13,42.19,42.85,39.15,32108000
2015-03-10,42.35,42.71,42.03,42.03,38.4,38506100
2015-03-11,42.31,42.37,41.84,41.98,38.35,32215300
2015-03-12,41.33,41.65,40.86,41.02,37.48,59992500
2015-03-13,40.7,41.47,40.61,41.38,37.81,58007700
2015-03-16,41.47,41.64,41.28,41.56,37.97,35273500
2015-03-17,41.37,41.83,41.15,41.7,38.1,31587200
2015-03-18,41.43,42.83,41.33,42.5,38.83,43971800
2015-03-19,42.26,42.59,42.22,42.29,38.64,33879100
2015-03-20,42.56,42.98,42.49,42.88,39.18,71904500
2015-03-23,42.88,43.13,42.78,42.86,39.16,26049000
2015-03-24,42.78,43.17,42.75,42.9,39.19,25513300
2015-03-25,42.92,42.93,41.44,41.46,37.88,43469900
2015-03-26,41.22,41.61,40.92,41.21,37.65,37495600
2015-03-27,41.12,41.43,40.83,40.97,37.43,33820300
2015-03-30,41.1,41.54,40.91,40.96,37.42,35049700
2015-03-31,40.78,41.03,40.54,40.66,37.15,34887200
2015-04-01,40.6,40.76,40.31,40.72,37.2,36752000
2015-04-02,40.66,40.74,40.12,40.29,36.81,37487500
2015-04-06,40.34,41.78,40.18,41.55,37.96,39223700
2015-04-07,41.61,41.91,41.31,41.53,37.94,28809400
2015-04-08,41.46,41.69,41.04,41.42,37.84,24753400
2015-04-09,41.25,41.62,41.25,41.48,37.9,25723900
2015-04-10,41.63,41.95,41.41,41.72,38.12,28022000
2015-04-13,41.4,42.06,41.39,41.76,38.15,30276700
2015-04-14,41.8,42.03,41.39,41.65,38.05,24078000
2015-04-15,41.76,42.46,41.68,42.26,38.61,27343600
2015-04-16,41.95,42.34,41.82,42.16,38.52,22509700
2015-04-17,41.67,41.74,41.16,41.62,38.02,42387600
2015-04-20,41.73,43.17,41.68,42.91,39.2,45738800
2015-04-21,43.0,43.15,42.53,42.64,38.96,26013800
2015-04-22,42.67,43.13,42.55,42.99,39.28,25064300
2015-04-23,42.89,43.61,42.8,43.34,39.6,46309500
2015-04-24,45.66,48.14,45.65,47.87,43.73,130933700
2015-04-27,47.23,48.13,47.22,48.03,43.88,59248200
2015-04-28,47.78,49.21,47.7,49.16,44.91,60730800
2015-04-29,48.72,49.31,48.5,49.06,44.82,47804600
2015-04-30,48.7,49.54,48.6,48.64,44.44,64725500
2015-05-01,48.58,48.88,48.4,48.66,44.46,38937300
2015-05-04,48.37,48.87,48.18,48.24,44.07,34039500
2015-05-05,47.82,48.16,47.31,47.6,43.49,50369200
2015-05-06,47.57,47.77,46.02,46.28,42.28,52433000
2015-05-07,46.27,47.09,46.16,46.7,42.67,32971700
2015-05-08,47.55,47.98,47.52,47.75,43.63,35364900
2015-05-11,47.55,47.91,47.37,47.37,43.28,24609400
2015-05-12,46.85,47.68,46.42,47.35,43.26,29928300
2015-05-13,48.19,48.32,47.57,47.63,43.52,34184600
2015-05-14,48.03,48.82,48.03,48.72,44.51,32980900
2015-05-15,48.87,48.91,48.05,48.3,44.13,28642700
2015-05-18,47.98,48.22,47.61,48.01,43.86,23631000
2015-05-19,47.56,47.81,47.18,47.58,43.75,28574800
2015-05-20,47.39,47.93,47.27,47.58,43.75,25047900
2015-05-21,47.28,47.6,47.01,47.42,43.61,22410700
2015-05-22,47.3,47.35,46.82,46.9,43.13,25720600
2015-05-26,46.83,46.88,46.19,46.59,42.84,29581900
2015-05-27,46.82,47.77,46.62,47.61,43.78,27335600
2015-05-28,47.5,48.02,47.39,47.45,43.63,19283700
2015-05-29,47.43,47.57,46.59,46.86,43.09,35428100
2015-06-01,47.06,47.77,46.62,47.23,43.43,28837300
2015-06-02,46.93,47.35,46.62,46.92,43.15,21283400
2015-06-03,47.37,47.74,46.82,46.85,43.08,28002200
2015-06-04,46.79,47.16,46.2,46.36,42.63,27745500
2015-06-05,46.31,46.52,45.84,46.14,42.43,25438100
2015-06-08,46.3,46.43,45.67,45.73,42.05,21822300
2015-06-09,45.76,45.94,45.46,45.65,41.98,24406100
2015-06-10,45.79,46.83,45.69,46.61,42.86,28417400
2015-06-11,46.66,46.92,46.13,46.44,42.7,27347800
2015-06-12,46.22,46.47,45.9,45.97,42.27,23931000
2015-06-15,45.45,45.65,45.02,45.48,41.82,33254500
2015-06-16,45.35,46.24,45.3,45.83,42.14,27070300
2015-06-17,45.73,46.07,45.36,45.97,42.27,28704100
2015-06-18,46.22,46.8,46.17,46.72,42.96,32658300
2015-06-19,46.79,46.83,45.99,46.1,42.39,63837000
2015-06-22,46.33,46.72,46.16,46.23,42.51,20318100
2015-06-23,46.13,46.28,45.62,45.91,42.22,25896500
2015-06-24,45.67,46.25,45.55,45.64,41.97,34890900
2015-06-25,46.03,46.06,45.5,45.65,41.98,20616000
2015-06-26,45.65,46.28,45.03,45.26,41.62,49835300
2015-06-29,45.04,45.23,44.36,44.37,40.8,34081700
2015-06-30,44.71,44.72,43.94,44.15,40.6,35945400
2015-07-01,44.46,45.23,44.1,44.45,40.87,28343900
2015-07-02,44.48,44.75,44.06,44.4,40.83,21752000
2015-07-06,43.96,44.48,43.95,44.39,40.82,23034000
2015-07-07,44.34,44.49,43.32,44.3,40.74,36435800
2015-07-08,44.44,44.9,44.03,44.24,40.68,39785900
2015-07-09,44.75,45.22,44.5,44.52,40.94,32424700
2015-07-10,45.01,45.14,44.57,44.61,41.02,25465800
2015-07-13,44.98,45.62,44.95,45.54,41.88,28178300
2015-07-14,45.45,45.96,45.31,45.62,41.95,22880300
2015-07-15,45.68,45.89,45.43,45.76,42.08,26629600
2015-07-16,46.01,46.69,45.97,46.66,42.91,26271700
2015-07-17,46.55,46.78,46.26,46.62,42.87,29467100
2015-07-20,46.65,47.13,46.44,46.92,43.15,30631900
2015-07-21,46.78,47.33,46.48,47.28,43.48,42781900
2015-07-22,45.44,46.93,45.2,45.54,41.88,59152400
2015-07-23,45.27,46.23,45.1,46.11,42.4,33934000
2015-07-24,45.91,46.32,45.8,45.94,42.24,32333200
2015-07-27,45.94,46.01,45.25,45.35,41.7,39701400
2015-07-28,45.58,45.64,44.79,45.34,41.69,34328900
2015-07-29,45.4,46.78,45.26,46.29,42.57,40945900
2015-07-30,46.26,47.4,45.93,46.88,43.11,39777900
2015-07-31,47.29,47.37,46.5,46.7,42.94,31201500
2015-08-03,46.98,47.0,46.45,46.81,43.04,24125900
2015-08-04,46.75,47.71,46.68,47.54,43.72,33403900
2015-08-05,47.98,48.41,47.54,47.58,43.75,26959700
2015-08-06,47.71,47.77,46.33,46.62,42.87,27368000
2015-08-07,46.39,46.78,46.26,46.74,42.98,19163000
2015-08-10,46.95,47.49,46.84,47.33,43.52,23079900
2015-08-11,46.82,46.94,45.9,46.41,42.68,28384300
2015-08-12,46.19,46.9,45.71,46.74,42.98,30181400
2015-08-13,47.06,47.1,46.49,46.73,42.97,22627200
2015-08-14,46.53,47.1,46.52,47.0,43.22,21356800
2015-08-17,46.81,47.45,46.57,47.32,43.51,21099700
2015-08-18,46.84,47.43,46.7,47.27,43.75,23574100
2015-08-19,46.78,47.08,46.3,46.61,43.14,31485500
2015-08-20,46.07,46.47,45.66,45.66,42.26,36238200
2015-08-21,45.3,45.48,43.07,43.07,39.87,70053100
2015-08-24,40.45,42.69,39.72,41.68,38.58,88753700
2015-08-25,42.57,43.24,40.39,40.47,37.46,70616600
2015-08-26,42.01,42.84,41.06,42.71,39.53,63408000
2015-08-27,43.23,43.95,42.93,43.9,40.63,50943200
2015-08-28,43.4,44.15,43.39,43.93,40.66,28246700
2015-08-31,43.56,43.93,43.1,43.52,40.28,34159100
2015-09-01,42.17,42.59,41.66,41.82,38.71,49688900
2015-09-02,42.36,43.38,41.88,43.36,40.13,37671500
2015-09-03,43.41,43.98,43.28,43.5,40.26,28285200
2015-09-04,42.81,43.04,42.2,42.61,39.44,37138800
2015-09-08,43.3,44.0,43.2,43.89,40.63,32469800
2015-09-09,44.21,44.4,42.91,43.07,39.87,33318800
2015-09-10,43.12,43.79,42.75,43.29,40.07,31366600
2015-09-11,43.14,43.59,42.94,43.48,40.25,27132500
2015-09-14,43.43,43.44,42.86,43.04,39.84,23656000
2015-09-15,43.19,44.29,43.08,43.98,40.71,28662100
2015-09-16,43.97,44.38,43.84,44.3,41.0,23372200
2015-09-17,44.29,45.0,44.08,44.25,40.96,32768200
2015-09-18,43.5,43.99,43.33,43.48,40.25,62221600
2015-09-21,43.62,44.47,43.6,44.11,40.83,26177200
2015-09-22,43.38,44.05,43.31,43.9,40.63,28085900
2015-09-23,43.93,44.17,43.51,43.87,40.61,17145200
2015-09-24,43.45,44.13,43.27,43.91,40.64,27905600
2015-09-25,44.48,44.73,43.76,43.94,40.67,29384600
2015-09-28,43.83,44.09,43.21,43.29,40.07,27613800
2015-09-29,43.37,43.57,43.05,43.44,40.21,32763600
2015-09-30,43.88,44.3,43.66,44.26,40.97,34589500
2015-10-01,44.75,44.75,43.75,44.61,41.29,28657900
2015-10-02,44.27,45.57,43.92,45.57,42.18,41839000
2015-10-05,45.75,46.89,45.7,46.63,43.16,34369300
2015-10-06,46.33,47.18,46.22,46.75,43.27,27017200
2015-10-07,47.1,47.35,45.95,46.8,43.32,27711500
2015-10-08,46.56,47.52,46.5,47.45,43.92,33772700
2015-10-09,47.45,47.54,46.92,47.11,43.61,28600600
2015-10-12,46.98,47.07,46.5,47.0,43.5,19769100
2015-10-13,46.56,47.13,46.56,46.89,43.4,19987800
2015-10-14,46.65,47.1,46.53,46.68,43.21,24697800
2015-10-15,47.01,47.03,46.53,47.01,43.51,27189400
2015-10-16,47.02,47.54,46.9,47.51,43.98,26450300
2015-10-19,47.42,47.88,47.02,47.62,44.08,29387600
2015-10-20,47.44,47.81,47.02,47.77,44.22,30574000
2015-10-21,47.92,47.99,47.11,47.2,43.69,25144300
2015-10-22,47.53,48.95,47.09,48.03,44.46,56637100
2015-10-23,52.3,54.07,52.25,52.87,48.94,135227100
2015-10-26,52.53,54.32,52.5,54.25,50.21,64633300
2015-10-27,53.99,54.37,53.58,53.69,49.7,50999900
2015-10-28,53.54,53.98,52.86,53.98,49.96,47000800
2015-10-29,53.54,53.83,53.22,53.36,49.39,30036300
2015-10-30,53.32,53.99,52.62,52.64,48.72,46619800
2015-11-02,52.85,53.36,52.62,53.24,49.28,30285000
2015-11-03,52.93,54.39,52.9,54.15,50.12,36596900
2015-11-04,54.18,54.88,54.06,54.4,50.35,37020400
2015-11-05,54.49,54.7,54.0,54.38,50.33,31468500
2015-11-06,54.09,54.98,53.96,54.92,50.83,32851200
2015-11-09,54.55,54.87,53.56,54.16,50.13,32513100
2015-11-10,54.07,54.13,53.27,53.51,49.53,55283700
2015-11-11,53.7,54.2,53.46,53.65,49.66,36516300
2015-11-12,53.48,53.98,53.19,53.32,49.35,35361100
2015-11-13,53.07,53.29,52.53,52.84,48.91,36848200
2015-11-16,53.08,53.89,52.85,53.77,49.77,32165200
2015-11-17,53.17,53.53,52.85,52.97,49.36,31551300
2015-11-18,53.0,53.98,52.98,53.85,50.18,29710000
2015-11-19,53.99,54.66,53.78,53.94,50.26,28149200
2015-11-20,54.25,54.3,53.27,54.19,50.5,37147600
2015-11-23,54.25,54.46,53.75,54.19,50.5,28235900
2015-11-24,53.92,54.44,53.58,54.25,50.55,24600000
2015-11-25,54.09,54.23,53.69,53.69,50.03,21005100
2015-11-27,53.8,54.08,53.79,53.93,50.25,9009100
2015-11-30,54.54,54.96,54.0,54.35,50.65,56241400
2015-12-01,54.41,55.23,54.3,55.22,51.46,39952800
2015-12-02,55.32,55.96,55.06,55.21,51.45,47274900
2015-12-03,55.49,55.77,53.93,54.2,50.51,38627800
2015-12-04,54.12,56.23,54.1,55.91,52.1,43963700
2015-12-07,55.79,55.97,55.29,55.81,52.01,30709800
2015-12-08,55.47,56.1,54.99,55.79,51.99,32878000
2015-12-09,55.37,55.87,54.51,54.98,51.23,36373200
2015-12-10,55.39,55.66,55.01,55.27,51.5,31620700
2015-12-11,54.71,55.1,54.01,54.06,50.38,39549500
2015-12-14,54.33,55.21,53.68,55.14,51.38,46768900
2015-12-15,55.66,55.9,55.09,55.2,51.44,39843000
2015-12-16,55.54,56.25,54.76,56.13,52.31,37503300
2015-12-17,56.36,56.79,55.53,55.7,51.9,41280900
2015-12-18,55.77,56.0,54.03,54.13,50.44,84684200
2015-12-21,54.88,55.35,54.23,54.83,51.09,37246300
2015-12-22,54.99,55.48,54.5,55.35,51.58,28300300
2015-12-23,55.7,55.88,55.44,55.82,52.02,27279800
2015-12-24,55.86,55.96,55.43,55.67,51.88,9570000
2015-12-28,55.35,55.95,54.98,55.95,52.14,21698000
2015-12-29,56.29,56.85,56.06,56.55,52.7,27731400
2015-12-30,56.47,56.78,56.29,56.31,52.47,21704500
2015-12-31,56.04,56.19,55.42,55.48,51.7,27334100
2016-01-04,54.32,54.8,53.39,54.8,51.07,53778000
2016-01-05,54.93,55.39,54.54,55.05,51.3,34079700
2016-01-06,54.32,54.4,53.64,54.05,50.37,39518900
2016-01-07,52.7,53.49,52.07,52.17,48.61,56564900
2016-01-08,52.37,53.28,52.15,52.33,48.76,48754000
2016-01-11,52.51,52.85,51.46,52.3,48.74,36663600
2016-01-12,52.76,53.1,52.06,52.78,49.18,36095500
2016-01-13,53.8,54.07,51.3,51.64,48.12,66883600
2016-01-14,52.0,53.42,51.57,53.11,49.49,52381900
2016-01-15,51.31,51.97,50.34,50.99,47.52,71820700
2016-01-19,51.48,51.68,50.06,50.56,47.11,43564500
2016-01-20,49.98,51.38,49.1,50.79,47.33,63273000
2016-01-21,51.0,51.58,50.3,50.48,47.04,40191200
2016-01-22,51.41,52.33,51.26,52.29,48.73,37555800
2016-01-25,51.94,52.65,51.65,51.79,48.26,34707700
2016-01-26,51.79,52.44,51.55,52.17,48.61,28699500
2016-01-27,52.01,52.2,51.02,51.22,47.73,36775200
2016-01-28,51.86,52.21,51.25,52.06,48.51,62513800
2016-01-29,54.73,55.09,54.0,55.09,51.34,83611700
2016-02-01,54.88,55.09,54.5,54.71,50.98,44208500
2016-02-02,54.17,54.26,52.65,53.0,49.39,56313800
2016-02-03,53.25,53.39,51.26,52.16,48.61,57559800
2016-02-04,52.1,52.81,51.37,52.0,48.46,46803400
2016-02-05,51.94,52.0,49.56,50.16,46.74,62009000
2016-02-08,49.55,49.57,48.19,49.41,46.04,59290500
2016-02-09,49.02,50.24,48.67,49.28,45.92,45822200
2016-02-10,49.89,50.39,49.52,49.71,46.32,38237000
2016-02-11,48.68,50.11,48.51,49.69,46.3,48878600
2016-02-12,50.25,50.68,49.75,50.5,47.06,34243300
2016-02-16,50.9,51.09,50.13,51.09,47.95,37291200
2016-02-17,51.49,52.77,51.45,52.42,49.2,40789000
2016-02-18,52.33,52.95,52.1,52.19,48.98,27176000
2016-02-19,51.97,52.28,51.53,51.82,48.64,33559100
2016-02-22,52.28,53.0,52.28,52.65,49.41,25008300
2016-02-23,52.34,52.37,50.98,51.18,48.03,28895300
2016-02-24,50.69,51.5,50.2,51.36,48.2,33014500
2016-02-25,51.73,52.1,50.61,52.1,48.9,26695900
2016-02-26,52.6,52.68,51.1,51.3,48.15,35975900
2016-02-29,51.35,51.65,50.66,50.88,47.75,31654000
2016-03-01,50.97,52.59,50.92,52.58,49.35,33024500
2016-03-02,52.41,52.96,52.16,52.95,49.7,29289900
2016-03-03,52.97,52.97,51.78,52.35,49.13,24418100
2016-03-04,52.4,52.45,51.71,52.03,48.83,33034200
2016-03-07,51.56,51.8,50.58,51.03,47.89,38407800
2016-03-08,50.8,52.13,50.6,51.65,48.48,33835100
2016-03-09,51.89,52.85,51.86,52.84,49.59,28251600
2016-03-10,52.93,52.94,51.16,52.05,48.85,38384200
2016-03-11,53.0,53.07,52.38,53.07,49.81,32275700
2016-03-14,52.71,53.59,52.63,53.17,49.9,24083600
2016-03-15,52.75,53.59,52.74,53.59,50.3,21104800
2016-03-16,53.45,54.6,53.4,54.35,51.01,31691700
2016-03-17,54.21,55.0,54.0,54.66,51.3,28223900
2016-03-18,54.92,54.97,53.45,53.49,50.2,67625500
2016-03-21,53.25,53.93,52.93,53.86,50.55,23925700
2016-03-22,53.61,54.25,53.46,54.07,50.75,23124100
2016-03-23,54.11,54.24,53.74,53.97,50.65,20129000
2016-03-24,53.84,54.33,53.73,54.21,50.88,19950000
2016-03-28,54.21,54.29,53.33,53.54,50.25,17025100
2016-03-29,53.66,54.86,53.45,54.71,51.35,23375000
2016-03-30,54.93,55.64,54.9,55.05,51.67,23008300
2016-03-31,54.95,55.59,54.86,55.23,51.84,26360500
2016-04-01,55.05,55.61,54.57,55.57,52.15,24399200
2016-04-04,55.43,55.66,55.0,55.43,52.02,18928800
2016-04-05,55.19,55.3,54.46,54.56,51.21,19272300
2016-04-06,54.36,55.2,54.21,55.12,51.73,21032100
2016-04-07,54.87,54.91,54.23,54.46,51.11,19225100
2016-04-08,54.67,55.28,54.32,54.42,51.08,22167200
2016-04-11,54.49,55.15,54.3,54.31,50.97,21414200
2016-04-12,54.37,54.78,53.76,54.65,51.29,24574200
2016-04-13,55.12,55.44,54.89,55.35,51.95,20818000
2016-04-14,55.22,55.58,55.07,55.36,51.96,20875100
2016-04-15,55.3,55.92,55.11,55.65,52.23,28793800
2016-04-18,55.49,56.59,55.21,56.46,52.99,23150300
2016-04-19,56.63,56.77,55.68,56.39,52.92,29596800
2016-04-20,56.29,56.5,55.49,55.59,52.17,36195700
2016-04-21,55.8,56.23,55.42,55.78,52.35,38909100
2016-04-22,51.91,52.43,50.77,51.78,48.6,126834100
2016-04-25,51.78,52.13,51.63,52.11,48.91,33226900
2016-04-26,52.26,52.35,51.09,51.44,48.28,33532600
2016-04-27,51.48,51.5,50.55,50.94,47.81,43369300
2016-04-28,50.62,50.77,49.56,49.9,46.83,43134800
2016-04-29,49.35,50.25,49.35,49.87,46.81,48411700
2016-05-02,50.0,50.75,49.78,50.61,47.5,33114500
2016-05-03,50.34,50.41,49.6,49.78,46.72,26460200
2016-05-04,49.84,50.06,49.46,49.87,46.81,24257600
2016-05-05,49.87,50.3,49.73,49.94,46.87,25390700
2016-05-06,49.92,50.39,49.66,50.39,47.29,24787300
2016-05-09,50.49,50.59,50.0,50.07,46.99,17951600
2016-05-10,50.33,51.1,50.19,51.02,47.88,22741500
2016-05-11,51.13,51.78,51.0,51.05,47.91,24039100
2016-05-12,51.2,51.81,50.92,51.51,48.34,24102800
2016-05-13,51.44,51.9,51.04,51.08,47.94,22592300
2016-05-16,50.8,51.96,50.75,51.83,48.64,20032000
2016-05-17,51.72,51.73,50.36,50.51,47.74,27803500
2016-05-18,50.48,51.14,50.3,50.81,48.02,24907500
2016-05-19,50.47,50.62,49.82,50.32,47.56,23842400
2016-05-20,50.48,51.22,50.4,50.62,47.84,23905800
2016-05-23,50.6,50.68,49.98,50.03,47.28,25999700
2016-05-24,50.7,51.71,50.4,51.59,48.76,34757900
2016-05-25,51.92,52.49,51.79,52.12,49.26,24040200
2016-05-26,51.93,51.98,51.36,51.89,49.04,24182900
2016-05-27,51.92,52.32,51.77,52.32,49.45,17721400
2016-05-31,52.26,53.0,52.08,53.0,50.09,37653100
2016-06-01,52.44,52.95,52.44,52.85,49.95,25324800
2016-06-02,52.64,52.74,51.84,52.48,49.6,22565300
2016-06-03,52.38,52.42,51.6,51.79,48.95,23368300
2016-06-06,51.99,52.35,51.89,52.13,49.27,18243300
2016-06-07,52.24,52.73,52.1,52.1,49.24,20866800
2016-06-08,52.02,52.44,51.87,52.04,49.18,21149400
2016-06-09,52.0,52.0,51.49,51.62,48.79,20305700
2016-06-10,51.05,52.05,51.04,51.48,48.65,25833200
2016-06-13,49.58,50.72,49.06,50.14,47.39,83217800
2016-06-14,49.9,50.1,49.57,49.83,47.09,42577100
2016-06-15,49.78,50.12,49.69,49.69,46.96,33757600
2016-06-16,49.52,50.47,49.51,50.39,47.62,31188600
2016-06-17,50.41,50.43,49.82,50.13,47.38,45710500
2016-06-20,50.64,50.83,50.03,50.07,47.32,35607900
2016-06-21,50.2,51.43,50.16,51.19,48.38,34097800
2016-06-22,51.08,51.46,50.95,50.99,48.19,28816800
2016-06-23,51.28,52.06,51.15,51.91,49.06,29028800
2016-06-24,49.81,50.94,49.52,49.83,47.09,133503000
2016-06-27,49.1,49.15,48.04,48.43,45.77,50216300
2016-06-28,48.92,49.47,48.67,49.44,46.73,38140700
2016-06-29,49.91,50.72,49.8,50.54,47.77,31304000
2016-06-30,50.72,51.3,50.5,51.17,48.36,28527800
2016-07-01,51.13,51.72,51.07,51.16,48.35,21400400
2016-07-05,50.83,51.28,50.74,51.17,48.36,24806400
2016-07-06,50.78,51.54,50.39,51.38,48.56,28167500
2016-07-07,51.42,51.61,51.07,51.38,48.56,19580800
2016-07-08,51.73,52.36,51.55,52.3,49.43,28391000
2016-07-11,52.5,52.83,52.47,52.59,49.7,22269200
2016-07-12,52.94,53.4,52.79,53.21,50.29,27317600
2016-07-13,53.56,53.86,53.18,53.51,50.57,25356800
2016-07-14,53.84,53.99,53.58,53.74,50.79,24545500
2016-07-15,53.95,54.0,53.21,53.7,50.75,32024400
2016-07-18,53.7,54.34,53.55,53.96,51.0,31433900
2016-07-19,53.71,53.9,52.93,53.09,50.18,53336500
2016-07-20,56.15,56.84,55.53,55.91,52.84,89893300
2016-07-21,55.98,56.23,55.76,55.8,52.74,32776700
2016-07-22,56.08,56.63,55.78,56.57,53.46,32157200
2016-07-25,56.47,56.74,56.26,56.73,53.62,25610600
2016-07-26,56.52,57.29,56.51,56.76,53.64,28079000
2016-07-27,56.61,56.8,56.11,56.19,53.11,32095300
2016-07-28,56.0,56.37,55.72,56.21,53.12,37550400
2016-07-29,56.26,56.76,56.05,56.68,53.57,30558700
2016-08-01,56.6,56.75,56.14,56.58,53.47,26003400
2016-08-02,56.85,56.9,56.31,56.58,53.47,35122000
2016-08-03,56.68,57.11,56.49,56.97,53.84,22075600
2016-08-04,56.8,57.52,56.67,57.39,54.24,26466400
2016-08-05,57.65,58.21,57.45,57.96,54.78,29335200
2016-08-08,58.06,58.09,57.78,58.06,54.87,19473500
2016-08-09,58.17,58.5,58.02,58.2,55.01,16920700
2016-08-10,58.16,58.32,57.82,58.02,54.84,15756900
2016-08-11,58.03,58.45,58.03,58.3,55.1,18133800
2016-08-12,58.03,58.19,57.62,57.94,54.76,21655200
2016-08-15,58.01,58.5,57.96,58.12,54.93,19283900
2016-08-16,57.61,57.62,57.27,57.44,54.63,20523500
2016-08-17,57.54,57.68,57.23,57.56,54.74,18856400
2016-08-18,57.42,57.7,57.27,57.6,54.78,14214300
2016-08-19,57.43,57.73,57.2,57.62,54.8,17271000
2016-08-22,57.6,57.75,57.26,57.67,54.84,15221900
2016-08-23,57.9,58.18,57.85,57.89,55.05,18732400
2016-08-24,57.8,58.04,57.72,57.95,55.11,18151500
2016-08-25,57.88,58.29,57.78,58.17,55.32,18552600
2016-08-26,58.28,58.7,57.69,58.03,55.19,20971200
2016-08-29,58.18,58.6,58.1,58.1,55.25,16217900
2016-08-30,57.98,58.19,57.61,57.89,55.05,16930200
2016-08-31,57.65,57.8,57.3,57.46,54.64,20860300
2016-09-01,57.01,57.82,57.01,57.59,54.77,26075400
2016-09-02,57.67,58.19,57.42,57.67,54.84,18900500
2016-09-06,57.78,57.8,57.21,57.61,54.79,16278400
2016-09-07,57.47,57.84,57.41,57.66,54.83,17493400
2016-09-08,57.63,57.79,57.18,57.43,54.62,19972500
2016-09-09,56.79,57.52,56.21,56.21,53.46,35113900
2016-09-12,56.0,57.21,55.61,57.05,54.25,29303000
2016-09-13,56.5,56.65,56.05,56.53,53.76,30130200
2016-09-14,56.39,56.63,56.03,56.26,53.5,24062500
2016-09-15,56.15,57.35,55.98,57.19,54.39,26847000
2016-09-16,57.63,57.63,56.75,57.25,54.44,44607000
2016-09-19,57.27,57.75,56.85,56.93,54.14,20879200
2016-09-20,57.35,57.35,56.75,56.81,54.03,17384000
2016-09-21,57.51,57.85,57.08,57.76,54.93,33707300
2016-09-22,57.92,58.0,57.63,57.82,54.99,19822200
2016-09-23,57.87,57.91,57.38,57.43,54.62,19955300
2016-09-26,57.08,57.14,56.83,56.9,54.11,21688700
2016-09-27,56.93,58.06,56.68,57.95,55.11,28065100
2016-09-28,57.88,58.06,57.67,58.03,55.19,20536400
2016-09-29,57.81,58.17,57.21,57.4,54.59,25463500
2016-09-30,57.57,57.77,57.34,57.6,54.78,29910800
2016-10-03,57.41,57.55,57.06,57.42,54.61,19189500
2016-10-04,57.27,57.6,56.97,57.24,54.44,20085900
2016-10-05,57.29,57.96,57.26,57.64,54.82,16726400
2016-10-06,57.74,57.86,57.28,57.74,54.91,16212600
2016-10-07,57.85,57.98,57.42,57.8,54.97,20089000
2016-10-10,57.91,58.39,57.87,58.04,55.2,18084400
2016-10-11,57.89,58.02,56.89,57.19,54.39,26497400
2016-10-12,57.11,57.27,56.4,57.11,54.31,22177500
2016-10-13,56.7,57.3,56.32,56.92,54.13,25313700
2016-10-14,57.12,57.74,57.12,57.42,54.61,27402500
2016-10-17,57.36,57.46,56.87,57.22,54.42,23830000
2016-10-18,57.53,57.95,57.41,57.66,54.83,18631500
2016-10-19,57.47,57.84,57.4,57.53,54.71,22878400
2016-10-20,57.5,57.52,56.66,57.25,54.44,49455600
2016-10-21,60.28,60.45,59.49,59.66,56.74,80032200
2016-10-24,59.94,61.0,59.93,61.0,58.01,54067000
2016-10-25,60.85,61.37,60.8,60.99,58.0,35137200
2016-10-26,60.81,61.2,60.47,60.63,57.66,29911600
2016-10-27,60.61,60.83,60.09,60.1,57.16,28479900
2016-10-28,60.01,60.52,59.58,59.87,56.94,33574700
2016-10-31,60.16,60.42,59.92,59.92,56.98,26434700
2016-11-01,59.97,60.02,59.25,59.8,56.87,24533000
2016-11-02,59.82,59.93,59.3,59.43,56.52,22147000
2016-11-03,59.53,59.64,59.11,59.21,56.31,21600400
2016-11-04,58.65,59.28,58.52,58.71,55.83,28697000
2016-11-07,59.78,60.52,59.78,60.42,57.46,31664800
2016-11-08,60.55,60.78,60.15,60.47,57.51,22862000
2016-11-09,60.0,60.59,59.2,60.17,57.22,49632500
2016-11-10,60.48,60.49,57.63,58.7,55.82,57822400
2016-11-11,58.23,59.12,58.01,59.02,56.13,38767800
2016-11-14,59.02,59.08,57.28,58.12,55.27,40861900
2016-11-15,58.33,59.49,58.32,58.87,56.36,35904100
2016-11-16,58.94,59.66,58.81,59.65,57.11,26851400
2016-11-17,60.41,60.95,59.97,60.64,58.06,32132700
2016-11-18,60.78,61.14,60.3,60.35,57.78,27686300
2016-11-21,60.5,60.97,60.42,60.86,58.27,19652600
2016-11-22,60.98,61.26,60.81,61.12,58.52,23206700
2016-11-23,61.01,61.1,60.25,60.4,57.83,21847200
2016-11-25,60.3,60.53,60.13,60.53,57.95,8409600
2016-11-28,60.34,61.02,60.21,60.61,58.03,20732600
2016-11-29,60.65,61.41,60.52,61.09,58.49,22366700
2016-11-30,60.86,61.18,60.22,60.26,57.69,34655400
2016-12-01,60.11,60.15,58.94,59.2,56.68,34542100
2016-12-02,59.08,59.47,58.8,59.25,56.73,25515700
2016-12-05,59.7,60.59,59.56,60.22,57.66,23552700
2016-12-06,60.43,60.46,59.8,59.95,57.4,19907000
2016-12-07,60.01,61.38,59.8,61.37,58.76,30809000
2016-12-08,61.3,61.58,60.84,61.01,58.41,21220800
2016-12-09,61.18,61.99,61.13,61.97,59.33,27349400
2016-12-12,61.82,62.3,61.72,62.17,59.52,20198100
2016-12-13,62.5,63.42,62.24,62.98,60.3,35718900
2016-12-14,63.0,63.45,62.53,62.68,60.01,30352700
2016-12-15,62.7,63.15,62.3,62.58,59.92,27669900
2016-12-16,62.95,62.95,62.12,62.3,59.65,42204700
2016-12-19,62.56,63.77,62.42,63.62,60.91,34338200
2016-12-20,63.69,63.8,63.03,63.54,60.83,26028400
2016-12-21,63.43,63.7,63.12,63.54,60.83,17096300
2016-12-22,63.84,64.1,63.41,63.55,60.84,22176600
2016-12-23,63.45,63.54,62.8,63.24,60.55,12398000
2016-12-27,63.21,64.07,63.21,63.28,60.59,11763200
2016-12-28,63.4,63.4,62.83,62.99,60.31,14653300
2016-12-29,62.86,63.2,62.73,62.9,60.22,10181600
2016-12-30,62.96,62.99,62.03,62.14,59.49,25579900
2017-01-03,62.79,62.84,62.13,62.58,59.92,20694100
2017-01-04,62.48,62.75,62.12,62.3,59.65,21340000
2017-01-05,62.19,62.66,62.03,62.3,59.65,24876000
2017-01-06,62.3,63.15,62.04,62.84,60.16,19922900
2017-01-09,62.76,63.08,62.54,62.64,59.97,20256600
2017-01-10,62.73,63.07,62.28,62.62,59.95,18593000
2017-01-11,62.61,63.23,62.43,63.19,60.5,21517300
2017-01-12,63.06,63.4,61.95,62.61,59.94,20968200
2017-01-13,62.62,62.87,62.35,62.7,60.03,19422300
2017-01-17,62.68,62.7,62.03,62.53,59.87,20620400
2017-01-18,62.67,62.7,62.12,62.5,59.84,19670100
2017-01-19,62.24,62.98,62.2,62.3,59.65,18451700
2017-01-20,62.67,62.82,62.37,62.74,60.07,30213500
2017-01-23,62.7,63.12,62.57,62.96,60.28,23097600
2017-01-24,63.2,63.74,62.94,63.52,60.82,24672900
2017-01-25,63.95,64.1,63.45,63.68,60.97,23672700
2017-01-26,64.12,64.54,63.55,64.27,61.53,43554600
2017-01-27,65.39,65.91,64.89,65.78,62.98,44818000
2017-01-30,65.69,65.79,64.8,65.13,62.36,31651400
2017-01-31,64.86,65.15,64.26,64.65,61.9,25270500
2017-02-01,64.36,64.62,63.47,63.58,60.87,39671500
2017-02-02,63.25,63.41,62.75,63.17,60.48,45827000
2017-02-03,63.5,63.7,63.07,63.68,60.97,30301800
2017-02-06,63.5,63.65,63.14,63.64,60.93,19796400
2017-02-07,63.74,63.78,63.23,63.43,60.73,20277200
2017-02-08,63.57,63.81,63.22,63.34,60.64,18096400
2017-02-09,63.52,64.44,63.32,64.06,61.33,22644400
2017-02-10,64.25,64.3,63.98,64.0,61.28,18170700
2017-02-13,64.24,64.86,64.13,64.72,61.96,22920100
2017-02-14,64.41,64.72,64.02,64.57,62.2,23065900
2017-02-15,64.5,64.57,64.16,64.53,62.16,17005200
2017-02-16,64.74,65.24,64.44,64.52,62.15,20546300
2017-02-17,64.47,64.69,64.3,64.62,62.24,21248800
2017-02-21,64.61,64.95,64.45,64.49,62.12,20655900
2017-02-22,64.33,64.39,64.05,64.36,61.99,19292700
2017-02-23,64.42,64.73,64.19,64.62,62.24,20273100
2017-02-24,64.53,64.8,64.14,64.62,62.24,21796800
2017-02-27,64.54,64.54,64.05,64.23,61.87,15871500
2017-02-28,64.08,64.2,63.76,63.98,61.63,23239800
2017-03-01,64.13,64.99,64.02,64.94,62.55,26937500
2017-03-02,64.69,64.75,63.88,64.01,61.66,24539600
2017-03-03,63.99,64.28,63.62,64.25,61.89,18135900
2017-03-06,63.97,64.56,63.81,64.27,61.91,18750300
2017-03-07,64.19,64.78,64.19,64.4,62.03,18521000
2017-03-08,64.26,65.08,64.25,64.99,62.6,21510900
2017-03-09,65.19,65.2,64.48,64.73,62.35,19846800
2017-03-10,65.11,65.26,64.75,64.93,62.54,19538200
2017-03-13,65.01,65.19,64.57,64.71,62.33,20100000
2017-03-14,64.53,64.55,64.15,64.41,62.04,14280200
2017-03-15,64.55,64.92,64.25,64.75,62.37,24833800
2017-03-16,64.75,64.76,64.3,64.64,62.26,20674300
2017-03-17,64.91,65.24,64.68,64.87,62.48,49219700
2017-03-20,64.91,65.18,64.72,64.93,62.54,14598100
2017-03-21,65.19,65.5,64.13,64.21,61.85,26640500
2017-03-22,64.12,65.14,64.12,65.03,62.64,20680000
2017-03-23,64.94,65.24,64.77,64.87,62.48,19269200
2017-03-24,65.36,65.45,64.76,64.98,62.59,22617100
2017-03-27,64.63,65.22,64.35,65.1,62.71,18614700
2017-03-28,64.96,65.47,64.65,65.29,62.89,20080400
2017-03-29,65.12,65.5,64.95,65.47,63.06,13618400
2017-03-30,65.42,65.98,65.36,65.71,63.29,15122800
2017-03-31,65.65,66.19,65.45,65.86,63.44,21040300
2017-04-03,65.81,65.94,65.19,65.55,63.14,20400900
2017-04-04,65.39,65.81,65.28,65.73,63.31,12997400
2017-04-05,66.3,66.35,65.44,65.56,63.15,21448600
2017-04-06,65.6,66.06,65.48,65.73,63.31,18103500
2017-04-07,65.85,65.96,65.44,65.68,63.26,14108500
2017-04-10,65.61,65.82,65.36,65.53,63.12,17952700
2017-04-11,65.6,65.61,64.85,65.48,63.07,18791500
2017-04-12,65.42,65.51,65.11,65.23,62.83,17108500
2017-04-13,65.29,65.86,64.95,64.95,62.56,17896500
2017-04-17,65.04,65.49,65.01,65.48,63.07,16689300
2017-04-18,65.33,65.71,65.16,65.39,62.99,15155600
2017-04-19,65.65,65.75,64.89,65.04,62.65,26992800
2017-04-20,65.46,65.75,65.14,65.5,63.09,22299500
2017-04-21,65.67,66.7,65.45,66.4,63.96,32522600
2017-04-24,67.48,67.66,67.1,67.53,65.05,29770000
2017-04-25,67.9,68.04,67.6,67.92,65.42,30242700
2017-04-26,68.08,68.31,67.62,67.83,65.34,26190800
2017-04-27,68.15,68.38,67.58,68.27,65.76,34971000
2017-04-28,68.91,69.14,67.69,68.46,65.94,39423500
2017-05-01,68.68,69.55,68.5,69.41,66.86,31954400
2017-05-02,69.71,69.71,69.13,69.3,66.75,23906100
2017-05-03,69.38,69.38,68.71,69.08,66.54,28928000
2017-05-04,69.03,69.08,68.64,68.81,66.28,21749400
2017-05-05,68.9,69.03,68.49,69.0,66.46,19128800
2017-05-08,68.97,69.05,68.42,68.94,66.41,18566100
2017-05-09,68.86,69.28,68.68,69.04,66.5,22858400
2017-05-10,68.99,69.56,68.92,69.31,66.76,17977800
2017-05-11,68.36,68.73,68.12,68.46,65.94,28789400
2017-05-12,68.61,68.61,68.04,68.38,65.87,18714100
2017-05-15,68.14,68.48,67.57,68.43,65.91,31530300
2017-05-16,68.23,69.44,68.16,69.41,67.24,34956000
2017-05-17,68.89,69.1,67.43,67.48,65.37,30548800
2017-05-18,67.4,68.13,67.14,67.71,65.59,25201300
2017-05-19,67.5,68.1,67.43,67.69,65.57,26961100
2017-05-22,67.89,68.5,67.5,68.45,66.31,16237600
2017-05-23,68.72,68.75,68.38,68.68,66.53,15425800
2017-05-24,68.87,68.88,68.45,68.77,66.62,14593900
2017-05-25,68.97,69.88,68.91,69.62,67.44,21854100
2017-05-26,69.8,70.22,69.52,69.96,67.77,19827900
2017-05-30,69.79,70.41,69.77,70.41,68.21,17072800
2017-05-31,70.53,70.74,69.81,69.84,67.66,30436400
2017-06-01,70.24,70.61,69.45,70.1,67.91,21603600
2017-06-02,70.44,71.86,70.24,71.76,69.52,34770300
2017-06-05,71.97,72.89,71.81,72.28,70.02,33316800
2017-06-06,72.3,72.62,72.27,72.52,70.25,31511100
2017-06-07,72.64,72.77,71.95,72.39,70.13,22301800
2017-06-08,72.51,72.52,71.5,71.95,69.7,24456300
2017-06-09,72.04,72.08,68.59,70.32,68.12,49187400
2017-06-12,69.25,69.94,68.13,69.78,67.6,47761700
2017-06-13,70.02,70.82,69.96,70.65,68.44,25258600
2017-06-14,70.91,71.1,69.43,70.27,68.07,25510700
2017-06-15,69.27,70.21,68.8,69.9,67.72,26068700
2017-06-16,69.73,70.03,69.22,70.0,67.81,48345100
2017-06-19,70.5,70.94,70.35,70.87,68.66,23798300
2017-06-20,70.82,70.87,69.87,69.91,67.73,21512200
2017-06-21,70.21,70.62,69.94,70.27,68.07,19891100
2017-06-22,70.54,70.59,69.71,70.26,68.06,22965700
2017-06-23,70.09,71.25,69.92,71.21,68.98,27617300
2017-06-26,71.4,71.71,70.44,70.53,68.33,19607000
2017-06-27,70.11,70.18,69.18,69.21,67.05,25215100
2017-06-28,69.21,69.84,68.79,69.8,67.62,25806200
2017-06-29,69.38,69.49,68.09,68.49,66.35,28918700
2017-06-30,68.78,69.38,68.74,68.93,66.78,24161100
2017-07-03,69.33,69.6,68.02,68.17,66.04,16165500
2017-07-05,68.26,69.44,68.22,69.08,66.92,21176300
2017-07-06,68.27,68.78,68.12,68.57,66.43,21117600
2017-07-07,68.7,69.84,68.7,69.46,67.29,16878300
2017-07-10,69.46,70.25,69.2,69.98,67.79,15014500
2017-07-11,70.0,70.68,69.75,69.99,67.8,17460000
2017-07-12,70.69,71.28,70.55,71.15,68.93,17750900
2017-07-13,71.5,72.04,71.31,71.77,69.53,20269800
2017-07-14,72.24,73.27,71.96,72.78,70.51,25868100
2017-07-17,72.8,73.45,72.72,73.35,71.06,21803900
2017-07-18,73.09,73.39,72.66,73.3,71.01,26435300
2017-07-19,73.5,74.04,73.45,73.86,71.55,22416200
2017-07-20,74.18,74.3,73.28,74.22,71.9,42361000
2017-07-21,73.45,74.29,73.17,73.79,71.48,46717100
2017-07-24,73.53,73.75,73.13,73.6,71.3,21394800
2017-07-25,73.8,74.31,73.5,74.19,71.87,22018700
2017-07-26,74.34,74.38,73.81,74.05,71.74,16252200
2017-07-27,73.76,74.42,72.32,73.16,70.87,36844200
2017-07-28,72.67,73.31,72.54,73.04,70.76,18306700
2017-07-31,73.3,73.44,72.41,72.7,70.43,23600100
2017-08-01,73.1,73.42,72.49,72.58,70.31,22132300
2017-08-02,72.55,72.56,71.44,72.26,70.0,26499200
2017-08-03,72.19,72.44,71.85,72.15,69.9,18214400
2017-08-04,72.4,73.04,72.24,72.68,70.41,22579000
2017-08-07,72.8,72.9,72.26,72.4,70.14,18705700
2017-08-08,72.09,73.13,71.75,72.79,70.52,22044600
2017-08-09,72.25,72.51,72.05,72.47,70.21,22213400
2017-08-10,71.9,72.19,71.35,71.41,69.18,24734500
2017-08-11,71.61,72.7,71.28,72.5,70.23,21443700
2017-08-14,73.06,73.72,72.95,73.59,71.29,20067300
2017-08-15,73.59,73.59,73.04,73.22,71.31,19181400
2017-08-16,73.34,74.1,73.17,73.65,71.73,18150400
2017-08-17,73.58,73.87,72.4,72.4,70.51,22977500
2017-08-18,72.27,72.84,71.93,72.49,70.6,18761500
2017-08-21,72.47,72.48,71.7,72.15,70.27,17734800
2017-08-22,72.35,73.24,72.35,73.16,71.25,14343700
2017-08-23,72.96,73.15,72.53,72.72,70.82,13766500
2017-08-24,72.74,72.86,72.07,72.69,70.79,17098300
2017-08-25,72.86,73.35,72.48,72.82,70.92,12794300
2017-08-28,73.06,73.09,72.55,72.83,70.93,14569700
2017-08-29,72.25,73.16,72.05,73.05,71.14,11478400
2017-08-30,73.01,74.21,72.83,74.01,72.08,16897800
2017-08-31,74.03,74.96,73.8,74.77,72.82,27652800
2017-09-01,74.71,74.74,73.64,73.94,72.01,21736200
2017-09-05,73.34,73.89,72.98,73.61,71.69,21556000
2017-09-06,73.74,74.04,73.35,73.4,71.49,16535800
2017-09-07,73.68,74.6,73.6,74.34,72.4,17471200
2017-09-08,74.33,74.44,73.84,73.98,72.05,14703800
2017-09-11,74.31,74.94,74.31,74.76,72.81,17910400
2017-09-12,74.76,75.24,74.37,74.68,72.73,14394900
2017-09-13,74.93,75.23,74.55,75.21,73.25,13380800
2017-09-14,75.0,75.49,74.52,74.77,72.82,15733900
2017-09-15,74.83,75.39,74.07,75.31,73.35,38578400
2017-09-18,75.23,75.97,75.04,75.16,73.2,23307000
2017-09-19,75.21,75.71,75.01,75.44,73.47,16093300
2017-09-20,75.35,75.55,74.31,74.94,72.98,21587900
2017-09-21,75.11,75.24,74.11,74.21,72.27,19186100
2017-09-22,73.99,74.51,73.85,74.41,72.47,14111400
2017-09-25,74.09,74.25,72.92,73.26,71.35,24149200
2017-09-26,73.67,73.81,72.99,73.26,71.35,18019600
2017-09-27,73.55,74.17,73.17,73.85,71.92,19565100
2017-09-28,73.54,73.97,73.31,73.87,71.94,10883800
2017-09-29,73.94,74.54,73.88,74.49,72.55,17079100
2017-10-02,74.71,75.01,74.3,74.61,72.66,15304800
2017-10-03,74.67,74.88,74.19,74.26,72.32,12190400
2017-10-04,74.09,74.72,73.71,74.69,72.74,13317700
2017-10-05,75.22,76.12,74.96,75.97,73.99,21195300
2017-10-06,75.67,76.03,75.54,76.0,74.02,13959800
2017-10-09,75.97,76.55,75.86,76.29,74.3,11386500
2017-10-10,76.33,76.63,76.14,76.29,74.3,13944500
2017-10-11,76.36,76.46,75.95,76.42,74.43,15388900
2017-10-12,76.49,77.29,76.37,77.12,75.11,16876500
2017-10-13,77.59,77.87,77.29,77.49,75.47,15335700
2017-10-16,77.42,77.81,77.35,77.65,75.62,12380100
2017-10-17,77.47,77.62,77.25,77.59,75.57,16824000
2017-10-18,77.67,77.85,77.37,77.61,75.59,13300700
2017-10-19,77.57,77.93,77.35,77.91,75.88,15092800
2017-10-20,78.32,78.97,78.22,78.81,76.75,22866400
2017-10-23,78.99,79.34,78.76,78.83,76.77,20627200
2017-10-24,78.9,79.2,78.46,78.86,76.8,17517200
2017-10-25,78.58,79.1,78.01,78.63,76.58,20410800
2017-10-26,79.2,79.42,78.75,78.76,76.71,32120700
2017-10-27,84.37,86.2,83.61,83.81,81.62,71066700
2017-10-30,83.7,84.33,83.11,83.89,81.7,31756700
2017-10-31,84.36,84.36,83.11,83.18,81.01,27086600
2017-11-01,83.68,83.76,82.88,83.18,81.01,22307400
2017-11-02,83.35,84.46,83.12,84.05,81.86,23992900
2017-11-03,84.08,84.54,83.4,84.14,81.94,17633500
2017-11-06,84.2,84.7,84.08,84.47,82.27,19164300
2017-11-07,84.77,84.9,83.93,84.27,82.07,17939700
2017-11-08,84.14,84.61,83.83,84.56,82.35,18034200
2017-11-09,84.11,84.27,82.9,84.09,81.9,21178400
2017-11-10,83.79,84.1,83.23,83.87,81.68,19397800
2017-11-13,83.66,83.94,83.46,83.93,81.74,14196900
2017-11-14,83.5,84.1,82.98,84.05,81.86,18801300
2017-11-15,83.47,83.69,82.69,82.98,81.22,19383100
2017-11-16,83.1,83.42,82.94,83.2,81.44,20962800
2017-11-17,83.12,83.12,82.24,82.4,80.65,22079000
2017-11-20,82.4,82.59,82.25,82.53,80.78,16315000
2017-11-21,82.74,83.84,82.74,83.72,81.95,21237500
2017-11-22,83.83,83.9,83.04,83.11,81.35,20553100
2017-11-24,83.01,83.43,82.78,83.26,81.5,7425600
2017-11-27,83.31,83.98,83.3,83.87,82.09,18265200
2017-11-28,84.07,85.06,84.02,84.88,83.08,21926000
2017-11-29,84.71,84.92,83.18,83.34,81.57,27381100
2017-11-30,83.51,84.52,83.34,84.17,82.39,33054600
2017-12-01,83.6,84.81,83.22,84.26,82.47,29532100
2017-12-04,84.42,84.43,80.7,81.08,79.36,39094900
2017-12-05,81.34,82.68,80.98,81.59,79.86,26152300
2017-12-06,81.55,83.14,81.43,82.78,81.03,26162100
2017-12-07,82.54,82.8,82.0,82.49,80.74,23184500
2017-12-08,83.63,84.58,83.33,84.16,82.38,24489100
2017-12-11,84.29,85.37,84.12,85.23,83.42,22857900
2017-12-12,85.31,86.05,85.08,85.58,83.77,23924100
2017-12-13,85.74,86.0,85.17,85.35,83.54,22062700
2017-12-14,85.43,85.87,84.53,84.69,82.89,19306000
2017-12-15,85.26,87.09,84.88,86.85,85.01,53936700
2017-12-18,87.12,87.5,86.23,86.38,84.55,22283800
2017-12-19,86.35,86.35,85.27,85.83,84.01,23524800
2017-12-20,86.2,86.3,84.71,85.52,83.71,23674900
2017-12-21,86.05,86.1,85.4,85.5,83.69,17990700
2017-12-22,85.4,85.63,84.92,85.51,83.7,14145800
2017-12-26,85.31,85.53,85.03,85.4,83.59,9891200
2017-12-27,85.65,85.98,85.22,85.71,83.89,14678000
2017-12-28,85.9,85.93,85.55,85.72,83.9,10594300
2017-12-29,85.63,86.05,85.5,85.54,83.73,18717400
2018-01-02,86.13,86.31,85.5,85.95,84.13,22483800
2018-01-03,86.06,86.51,85.97,86.35,84.52,26061400
2018-01-04,86.59,87.66,86.57,87.11,85.26,21912000
2018-01-05,87.66,88.41,87.43,88.19,86.32,23407100
2018-01-08,88.2,88.58,87.6,88.28,86.41,22113000
2018-01-09,88.65,88.73,87.86,88.22,86.35,19484300
2018-01-10,87.86,88.19,87.41,87.82,85.96,18652200
2018-01-11,88.13,88.13,87.24,88.08,86.21,17808900
2018-01-12,88.67,89.78,88.45,89.6,87.7,24271500
2018-01-16,90.1,90.79,88.01,88.35,86.48,36599700
2018-01-17,89.08,90.28,88.75,90.14,88.23,25602600
2018-01-18,89.8,90.67,89.66,90.1,88.19,24159700
2018-01-19,90.14,90.61,89.66,90.0,88.09,36875000
2018-01-22,90.0,91.62,89.74,91.61,89.67,23601600
2018-01-23,91.9,92.3,91.54,91.9,89.95,23412800
2018-01-24,92.55,93.43,91.58,91.82,89.87,33277500
2018-01-25,92.47,93.24,91.93,92.33,90.37,26383200
2018-01-26,93.12,94.06,92.58,94.06,92.07,29172200
2018-01-29,95.14,95.45,93.72,93.92,91.93,31569900
2018-01-30,93.3,93.66,92.1,92.74,90.77,38635100
2018-01-31,93.75,95.4,93.51,95.01,93.0,48756300
2018-02-01,94.79,96.07,93.58,94.26,92.26,47227900
2018-02-02,93.64,93.97,91.5,91.78,89.83,47867800
2018-02-05,90.56,93.24,88.0,88.0,86.13,51031500
2018-02-06,86.89,91.48,85.25,91.33,89.39,67998600
2018-02-07,90.49,91.77,89.2,89.61,87.71,41107600
2018-02-08,89.71,89.88,84.76,85.01,83.21,55628700
2018-02-09,86.3,88.93,83.83,88.18,86.31,63499100
2018-02-12,88.74,89.78,87.93,89.13,87.24,35720300
2018-02-13,88.93,90.0,87.8,89.83,87.93,26407700
2018-02-14,88.51,90.99,88.41,90.81,89.3,34960900
2018-02-15,91.21,92.72,90.62,92.66,91.12,27823900
2018-02-16,92.45,93.5,91.8,92.0,90.47,30596900
2018-02-20,91.48,93.06,91.01,92.72,91.18,30911700
2018-02-21,92.98,93.36,91.49,91.49,89.97,26922500
2018-02-22,92.05,92.73,91.36,91.73,90.21,24392800
2018-02-23,93.6,94.07,92.36,94.06,92.5,26329200
2018-02-26,94.4,95.45,94.25,95.42,93.84,30199800
2018-02-27,95.74,95.84,94.2,94.2,92.64,25869100
2018-02-28,94.84,95.71,93.63,93.77,92.21,31167300
2018-03-01,93.99,94.57,91.84,92.85,91.31,37135600
2018-03-02,91.58,93.15,90.86,93.05,91.51,32830400
2018-03-05,92.34,94.27,92.26,93.64,92.09,23901600
2018-03-06,94.34,94.49,92.94,93.32,91.77,22175800
2018-03-07,93.16,93.94,92.43,93.86,92.3,26716100
2018-03-08,94.27,95.1,93.77,94.43,92.86,25887800
2018-03-09,95.29,96.54,95.0,96.54,94.94,36937300
2018-03-12,96.5,97.21,96.04,96.77,95.16,26073700
2018-03-13,97.0,97.24,93.97,94.41,92.84,35387800
2018-03-14,95.12,95.41,93.5,93.85,92.29,32132000
2018-03-15,93.53,94.58,92.83,94.18,92.62,27611000
2018-03-16,94.68,95.38,93.92,94.6,93.03,49081300
2018-03-19,93.74,93.9,92.11,92.89,91.35,33344100
2018-03-20,93.05,93.77,93.0,93.13,91.58,23075200
2018-03-21,92.93,94.05,92.21,92.48,90.94,24457100
2018-03-22,91.27,91.75,89.66,89.79,88.3,38604700
2018-03-23,89.5,90.46,87.08,87.18,85.73,44068900
2018-03-26,90.61,94.0,90.4,93.78,92.22,56396800
2018-03-27,94.94,95.14,88.51,89.47,87.98,56569000
2018-03-28,89.82,91.23,88.87,89.39,87.91,52501100
2018-03-29,90.18,92.29,88.4,91.27,89.76,45867500
2018-04-02,90.47,90.88,87.51,88.52,87.05,48515400
2018-04-03,89.58,90.05,87.89,89.71,88.22,37213800
2018-04-04,87.85,92.76,87.73,92.33,90.8,35560000
2018-04-05,92.44,93.07,91.4,92.38,90.85,29771900
2018-04-06,91.49,92.46,89.48,90.23,88.73,38026000
2018-04-09,91.04,93.17,90.62,90.77,89.26,31533900
2018-04-10,92.39,93.28,91.64,92.88,91.34,26812000
2018-04-11,92.01,93.29,91.48,91.86,90.34,24872100
2018-04-12,92.43,94.16,92.43,93.58,92.03,26758900
2018-04-13,94.05,94.18,92.44,93.08,91.53,23346100
2018-04-16,94.07,94.66,93.42,94.17,92.61,20288100
2018-04-17,95.0,96.54,94.88,96.07,94.48,26771000
2018-04-18,96.22,96.72,95.52,96.44,94.84,21043300
2018-04-19,96.44,97.07,95.34,96.11,94.51,23552500
2018-04-20,95.91,96.11,94.05,95.0,93.42,31154400
2018-04-23,95.74,96.29,94.63,95.35,93.77,22331800
2018-04-24,96.24,96.47,92.41,93.12,91.57,34524800
2018-04-25,93.3,93.3,90.28,92.31,90.78,33729300
2018-04-26,93.55,95.15,93.1,94.26,92.7,42529000
2018-04-27,97.6,97.9,93.91,95.82,94.23,48272800
2018-04-30,96.33,96.4,93.15,93.52,91.97,41523600
2018-05-01,93.21,95.29,92.79,95.0,93.42,31408900
2018-05-02,94.99,95.17,93.19,93.51,91.96,27471000
2018-05-03,92.96,94.93,92.45,94.07,92.51,31142500
2018-05-04,93.32,95.37,92.92,95.16,93.58,22531300
2018-05-07,95.17,96.71,95.1,96.22,94.62,24242000
2018-05-08,95.85,96.16,95.06,95.81,94.22,23484600
2018-05-09,96.01,96.97,95.05,96.94,95.33,27327400
2018-05-10,97.46,97.95,97.05,97.91,96.28,22388100
2018-05-11,97.8,97.87,97.04,97.7,96.08,16778300
2018-05-14,97.92,98.69,97.31,98.03,96.4,19454100
2018-05-15,97.24,97.85,96.34,97.32,95.7,24594000
2018-05-16,97.36,97.4,96.62,97.15,95.95,17384700
2018-05-17,96.76,97.54,95.83,96.18,94.99,17246700
2018-05-18,96.01,96.93,96.01,96.36,95.17,17865800
2018-05-21,97.0,98.01,96.8,97.6,96.4,19422500
2018-05-22,97.68,98.17,97.2,97.5,96.3,15441200
2018-05-23,96.71,98.73,96.32,98.66,97.44,21114800
2018-05-24,98.73,98.94,96.81,98.31,97.1,26649300
2018-05-25,98.3,98.98,97.86,98.36,97.15,18363900
2018-05-29,97.84,98.88,97.23,98.01,96.8,28671000
2018-05-30,98.31,99.25,97.91,98.95,97.73,22158500
2018-05-31,99.29,99.99,98.61,98.84,97.62,34140900
2018-06-01,99.28,100.86,99.17,100.79,99.55,28655600
2018-06-04,101.26,101.86,100.85,101.67,100.42,27281600
2018-06-05,102.0,102.33,101.53,102.19,100.93,23514400
2018-06-06,102.48,102.6,101.9,102.49,101.23,21122900
2018-06-07,102.65,102.69,100.38,100.88,99.64,28232200
2018-06-08,101.09,101.95,100.54,101.63,100.38,22165100
2018-06-11,101.01,101.59,100.67,101.05,99.8,23490900
2018-06-12,101.1,101.45,100.75,101.31,100.06,18325200
2018-06-13,101.72,102.01,100.56,100.85,99.61,29492900
2018-06-14,101.65,102.03,101.0,101.42,100.17,25691800
2018-06-15,101.51,101.53,100.07,100.13,98.89,65738600
2018-06-18,100.01,101.11,99.42,100.86,99.62,23586000
2018-06-19,99.65,101.0,99.5,100.86,99.62,28653100
2018-06-20,101.37,102.52,101.12,101.87,100.61,26180800
2018-06-21,102.08,102.46,100.88,101.14,99.89,23198200
2018-06-22,100.41,100.77,99.63,100.41,99.17,38923100
2018-06-25,100.0,100.11,97.3,98.39,97.18,35433300
2018-06-26,98.82,100.08,98.75,99.08,97.86,26897200
2018-06-27,99.58,100.02,97.4,97.54,96.34,31298400
2018-06-28,97.38,99.11,97.26,98.63,97.41,26650700
2018-06-29,98.93,99.91,98.33,98.61,97.39,28053200
2018-07-02,98.1,100.06,98.0,100.01,98.78,19564500
2018-07-03,100.48,100.63,98.94,99.05,97.83,14670300
2018-07-05,99.5,99.92,99.03,99.76,98.53,18977400
2018-07-06,99.89,101.43,99.67,101.16,99.91,19234600
2018-07-09,101.65,102.25,101.25,101.85,100.59,18212000
2018-07-10,102.0,102.51,101.86,102.12,100.86,19293100
2018-07-11,101.15,102.34,101.1,101.98,100.72,19644600
2018-07-12,102.77,104.41,102.73,104.19,102.9,24335900
2018-07-13,104.37,105.6,104.09,105.43,104.13,24635200
2018-07-16,105.4,105.82,104.52,104.91,103.62,21786900
2018-07-17,104.61,106.5,104.32,105.95,104.64,25901700
2018-07-18,105.94,106.05,104.72,105.12,103.82,29493900
2018-07-19,104.93,105.31,103.89,104.4,103.11,40171600
2018-07-20,108.08,108.2,106.08,106.27,104.96,56004000
2018-07-23,106.3,108.14,106.13,107.97,106.64,29707000
2018-07-24,108.57,108.82,107.26,107.66,106.33,26316600
2018-07-25,107.96,111.15,107.6,110.83,109.46,30702100
2018-07-26,110.74,111.0,109.5,109.62,108.27,31372100
2018-07-27,110.18,110.18,106.14,107.68,106.35,37005300
2018-07-30,107.19,107.53,104.76,105.37,104.07,34668300
2018-07-31,106.49,106.72,105.38,106.08,104.77,27655200
2018-08-01,106.03,106.45,105.42,106.28,104.97,23628700
2018-08-02,105.4,108.09,104.84,107.57,106.24,26104300
2018-08-03,107.8,108.05,106.82,108.04,106.71,18659600
2018-08-06,108.12,108.42,107.56,108.13,106.8,20265900
2018-08-07,108.56,109.1,108.17,108.88,107.54,16080200
2018-08-08,109.33,109.75,108.76,109.49,108.14,15487500
2018-08-09,109.71,110.16,109.6,109.67,108.32,13660400
2018-08-10,109.42,109.69,108.38,109.0,107.66,18183700
2018-08-13,109.24,109.58,108.1,108.21,106.88,18472500
2018-08-14,108.56,109.75,108.04,109.56,108.21,16788300
2018-08-15,108.49,108.99,106.82,107.66,106.74,29982800
2018-08-16,108.3,108.86,107.3,107.64,106.72,21384300
2018-08-17,107.36,107.9,106.69,107.58,106.66,18061500
2018-08-20,107.51,107.9,106.48,106.87,105.96,17914200
2018-08-21,106.92,107.35,105.85,105.98,105.08,22881900
2018-08-22,105.85,107.34,105.78,107.06,106.15,18000600
2018-08-23,107.15,108.18,106.87,107.56,106.64,18167700
2018-08-24,107.67,108.56,107.56,108.4,107.47,17234000
2018-08-27,109.27,109.64,108.51,109.6,108.66,19662300
2018-08-28,109.94,110.5,109.79,110.26,109.32,19151500
2018-08-29,110.45,112.03,110.27,112.02,111.06,20818000
2018-08-30,111.67,112.61,111.44,111.95,110.99,22798700
2018-08-31,111.69,112.78,111.52,112.33,111.37,23222700
2018-09-04,110.85,111.96,110.22,111.71,110.76,22634600
2018-09-05,111.01,111.42,108.1,108.49,107.56,32872400
2018-09-06,108.25,108.99,107.51,108.74,107.81,23477600
2018-09-07,108.23,108.72,107.23,108.21,107.29,22498600
2018-09-10,108.84,109.64,108.36,109.38,108.45,20727900
2018-09-11,108.9,111.59,108.89,111.24,110.29,24301800
2018-09-12,111.43,111.85,110.51,111.71,110.76,18891100
2018-09-13,112.12,113.73,112.12,112.91,111.95,26055600
2018-09-14,113.36,113.73,112.44,113.37,112.4,19122300
2018-09-17,113.69,113.7,111.86,112.14,111.18,20736500
2018-09-18,112.19,113.7,111.72,113.21,112.24,22170900
2018-09-19,113.05,113.32,111.04,111.7,110.75,21728400
2018-09-20,112.28,113.8,111.93,113.57,112.6,23714500
2018-09-21,114.0,115.29,113.51,114.26,113.28,71229700
2018-09-24,113.03,114.9,112.22,114.67,113.69,27334500
2018-09-25,114.8,115.1,113.75,114.45,113.47,22668000
2018-09-26,114.47,115.06,113.74,113.98,113.01,19352000
2018-09-27,114.78,114.91,114.2,114.41,113.43,19091300
2018-09-28,114.19,114.57,113.68,114.37,113.39,21647800
2018-10-01,114.75,115.68,114.73,115.61,114.62,18883100
2018-10-02,115.3,115.84,114.44,115.15,114.17,20787200
2018-10-03,115.42,116.18,114.93,115.17,114.19,16648000
2018-10-04,114.61,114.76,111.63,112.79,111.83,34821700
2018-10-05,112.63,113.17,110.64,112.13,111.17,29068900
2018-10-08,111.66,112.03,109.34,110.85,109.9,29640600
2018-10-09,111.14,113.08,110.8,112.26,111.3,26198600
2018-10-10,111.24,111.5,105.79,106.16,105.25,61376300
2018-10-11,105.35,108.93,104.2,105.91,105.01,63904300
2018-10-12,109.01,111.24,107.12,109.57,108.63,47742100
2018-10-15,108.91,109.48,106.95,107.6,106.68,32068100
2018-10-16,109.54,111.41,108.95,111.0,110.05,31610200
2018-10-17,111.68,111.81,109.55,110.71,109.77,26548200
2018-10-18,110.1,110.53,107.83,108.5,107.57,32506200
2018-10-19,108.93,110.86,108.21,108.66,107.73,32785500
2018-10-22,109.32,110.54,108.24,109.63,108.69,26545600
2018-10-23,107.77,108.97,105.11,108.1,107.18,43770400
2018-10-24,108.41,108.49,101.59,102.32,101.45,63897800
2018-10-25,106.55,109.27,106.15,108.3,107.38,61646800
2018-10-26,105.69,108.75,104.76,106.96,106.05,55523100
2018-10-29,108.11,108.7,101.63,103.85,102.96,55162000
2018-10-30,103.66,104.38,100.11,103.73,102.84,65350900
2018-10-31,105.44,108.14,105.39,106.81,105.9,51062400
2018-11-01,107.05,107.32,105.53,105.92,105.02,33384200
2018-11-02,106.48,107.32,104.98,106.16,105.25,37680200
2018-11-05,106.37,107.74,105.9,107.51,106.59,27922100
2018-11-06,107.38,108.84,106.28,107.72,106.8,24340200
2018-11-07,109.44,112.24,109.4,111.96,111.0,37901700
2018-11-08,111.8,112.21,110.91,111.75,110.8,25644100
2018-11-09,110.85,111.45,108.76,109.57,108.63,32039200
2018-11-12,109.42,109.96,106.1,106.87,105.96,33621800
2018-11-13,107.55,108.74,106.64,106.94,106.03,35374600
2018-11-14,108.1,108.26,104.47,104.97,104.52,39495100
2018-11-15,104.99,107.8,103.91,107.28,106.82,38505200
2018-11-16,107.08,108.88,106.8,108.29,107.83,33502100
2018-11-19,108.27,108.56,103.55,104.62,104.18,44773900
2018-11-20,101.8,102.97,99.35,101.71,101.28,64052500
2018-11-21,103.6,104.43,102.24,103.11,102.67,28130600
2018-11-23,102.17,103.81,102.0,103.07,102.63,13823100
2018-11-26,104.79,106.63,104.58,106.47,106.02,32336200
2018-11-27,106.27,107.33,105.36,107.14,106.68,29124500
2018-11-28,107.89,111.33,107.86,111.12,110.65,46788500
2018-11-29,110.33,111.12,109.03,110.19,109.72,28123200
2018-11-30,110.7,110.97,109.36,110.89,110.42,33665600
